-- phpMyAdmin SQL Dump
-- version 4.9.4
-- https://www.phpmyadmin.net/
--
-- Host: localhost:3306
-- Generation Time: May 07, 2020 at 02:18 PM
-- Server version: 5.6.47
-- PHP Version: 7.3.6

SET SQL_MODE = "NO_AUTO_VALUE_ON_ZERO";
SET AUTOCOMMIT = 0;
START TRANSACTION;
SET time_zone = "+00:00";


/*!40101 SET @OLD_CHARACTER_SET_CLIENT=@@CHARACTER_SET_CLIENT */;
/*!40101 SET @OLD_CHARACTER_SET_RESULTS=@@CHARACTER_SET_RESULTS */;
/*!40101 SET @OLD_COLLATION_CONNECTION=@@COLLATION_CONNECTION */;
/*!40101 SET NAMES utf8mb4 */;

--
-- Database: `adjinfot_surfcity_groceryapp`
--

-- --------------------------------------------------------

--
-- Table structure for table `add_cart_list`
--

CREATE TABLE `add_cart_list` (
  `cart_id` int(11) NOT NULL,
  `user_id` bigint(20) NOT NULL,
  `product_id` int(11) NOT NULL,
  `qty` int(11) NOT NULL,
  `price` double NOT NULL,
  `subscription_id` int(11) NOT NULL DEFAULT '0'
) ENGINE=MyISAM DEFAULT CHARSET=latin1;

--
-- Dumping data for table `add_cart_list`
--

INSERT INTO `add_cart_list` (`cart_id`, `user_id`, `product_id`, `qty`, `price`, `subscription_id`) VALUES
(358, 20, 7, 1, 0, 0),
(97, 100, 20, 10, 0, 0),
(185, 4, 39, 2, 0, 41),
(186, 4, 33, 3, 0, 41),
(125, 100, 8, 1, 0, 0),
(80, 5, 13, 4, 0, 30),
(240, 18, 33, 3, 0, 0),
(353, 1, 41, 2, 0, 42),
(264, 21, 8, 1, 0, 0),
(357, 20, 29, 1, 0, 0),
(322, 500, 8, 5, 0, 0),
(317, 150, 8, 1, 0, 0),
(314, 111, 8, 1, 0, 0),
(323, 501, 8, 3, 0, 0),
(394, 27, 39, 1, 0, 0);

-- --------------------------------------------------------

--
-- Table structure for table `banner`
--

CREATE TABLE `banner` (
  `id` int(11) NOT NULL,
  `slider_title` varchar(100) NOT NULL,
  `slider_url` varchar(100) NOT NULL,
  `slider_image` varchar(100) NOT NULL,
  `sub_cat` int(11) NOT NULL,
  `slider_status` int(11) NOT NULL,
  `shop_id` int(11) NOT NULL
) ENGINE=InnoDB DEFAULT CHARSET=utf8;

--
-- Dumping data for table `banner`
--

INSERT INTO `banner` (`id`, `slider_title`, `slider_url`, `slider_image`, `sub_cat`, `slider_status`, `shop_id`) VALUES
(5, 'Non stick banners', '', 'nonstick_banners.jpg', 0, 0, 0),
(6, 'Shop', '', 'slider.jpg', 63, 1, 0),
(7, 'Shop', 'https://play.google.com/store/apps/details?id=fodato.adj.android.fodato&hl=en', 's6.jpg', 0, 1, 0),
(16, 'ee', '', 'il_794xN_1132676957_bpz6.jpg', 3, 0, 0),
(17, 'hello', '', '122.jpg', 192, 0, 0),
(19, 'dfdfd', '', 'download.jpg', 3, 1, 0);

-- --------------------------------------------------------

--
-- Table structure for table `categories`
--

CREATE TABLE `categories` (
  `id` int(11) NOT NULL,
  `title` varchar(200) NOT NULL,
  `slug` varchar(200) NOT NULL,
  `parent` int(50) NOT NULL,
  `leval` int(50) NOT NULL,
  `description` longtext NOT NULL,
  `image` varchar(200) NOT NULL,
  `status` varchar(100) NOT NULL,
  `shop_id` int(11) NOT NULL
) ENGINE=InnoDB DEFAULT CHARSET=utf8;

--
-- Dumping data for table `categories`
--

INSERT INTO `categories` (`id`, `title`, `slug`, `parent`, `leval`, `description`, `image`, `status`, `shop_id`) VALUES
(3, 'Grocery & Stepls', 'grocery-stepls', 0, 0, '', 'GS.png', '1', 0),
(71, 'Snacks', 'snacks', 0, 0, '', 'sb.png', '1', 0),
(99, 'Fruits', 'fruits', 98, 1, '', 'apple.png', '1', 0),
(112, 'veg', 'veg', 111, 1, '', '12.png', '1', 0),
(113, 'nonveg', 'nonveg', 111, 1, '', '131.jpg', '1', 0),
(115, 'Fruits', 'fruits', 2, 1, '', '', '1', 0),
(116, 'Vegitable', 'vegitable', 2, 1, '', '', '1', 0),
(117, 'Atta', 'atta', 3, 1, '', '', '1', 0),
(118, 'Pulses', 'pulses', 3, 1, '', '', '1', 0),
(119, 'Rise', 'rise', 3, 1, '', '', '1', 0),
(120, 'Oils', 'oils', 3, 1, '', '', '1', 0),
(121, 'Salt & Sugar', 'salt-sugar', 3, 1, '', '', '1', 0),
(122, 'Spices', 'spices', 3, 1, '', '', '1', 0),
(124, 'Dry furits', 'dry-furits', 3, 1, '', '', '1', 0),
(126, 'Ghee', 'ghee', 3, 1, '', '', '1', 0),
(127, 'Breskfast & Dairy', 'breskfast-dairy', 0, 0, '', 'bd.png', '1', 0),
(128, 'Personal Care', 'personal-care', 0, 0, '', 'pc.png', '1', 0),
(129, 'Household Item', 'household-item', 0, 0, '', 'hh.png', '1', 0),
(130, 'Baby Care', 'baby-care', 0, 0, '', 'bc.png', '1', 0),
(131, 'Pet Care', 'pet-care', 0, 0, '', 'petcare-products.jpg', '1', 0),
(134, 'Paneer and Curd', 'paneer-and-curd', 127, 1, '', '', '1', 0),
(135, 'Butter and Cheese', 'butter-and-cheese', 127, 1, '', '', '1', 0),
(136, 'Bread and Eggs', 'bread-and-eggs', 127, 1, '', '', '1', 0),
(137, 'Cereal and jams', 'cereal-and-jams', 127, 1, '', '', '1', 0),
(138, 'Milk products', 'milk-products', 127, 1, '', '', '1', 0),
(139, 'Chips & crisps', 'chips-crisps', 71, 1, '', '', '1', 0),
(140, 'Biscuits', 'biscuits', 71, 1, '', '', '1', 0),
(141, 'Chocolates', 'chocolates', 71, 1, '', '', '1', 0),
(142, 'Cold Drinks', 'cold-drinks', 143, 1, '', '', '1', 0),
(143, 'Bevrages', 'bevrages', 0, 0, '', 'beverages-png-6.png', '1', 0),
(144, 'Namkeens', 'namkeens', 71, 1, '', '', '1', 0),
(145, 'Sweets', 'sweets', 71, 1, '', '', '1', 0),
(146, 'Juices', 'juices', 143, 1, '', '', '1', 0),
(147, 'Health & Energy', 'health-energy', 143, 1, '', '', '1', 0),
(148, 'Face Care', 'face-care', 128, 1, '', '', '1', 0),
(149, 'Skin care', 'skin-care', 128, 1, '', '', '1', 0),
(150, 'Hair care', 'hair-care', 128, 1, '', '', '1', 0),
(151, 'Oral Care', 'oral-care', 128, 1, '', '', '1', 0),
(152, 'bath & Body', 'bath-body', 128, 1, '', '', '1', 0),
(153, 'fragrances', 'fragrances', 128, 1, '', '', '1', 0),
(154, 'Hygiene', 'hygiene', 128, 1, '', '', '1', 0),
(155, 'Mens Grooming', 'mens-grooming', 128, 1, '', '', '1', 0),
(156, 'Laundry Detergent', 'laundry-detergent', 129, 1, '', '', '1', 0),
(157, 'Dish Washers', 'dish-washers', 129, 1, '', '', '1', 0),
(158, 'Cleaners', 'cleaners', 129, 1, '', '', '1', 0),
(159, 'Repeliants', 'repeliants', 129, 1, '', '', '1', 0),
(160, 'Pooja Needs', 'pooja-needs', 129, 1, '', '', '1', 0),
(161, 'Home & Car freshners', 'home-car-freshners', 129, 1, '', '', '1', 0),
(162, 'Baby Food', 'baby-food', 130, 1, '', '', '1', 0),
(163, 'Dipers & Wipes', 'dipers-wipes', 130, 1, '', '', '1', 0),
(164, 'baby Skin & Hair Care', 'baby-skin-hair-care', 130, 1, '', '', '1', 0),
(165, 'baby Accesseries', 'baby-accesseries', 130, 1, '', '', '1', 0),
(166, 'Dog Supplies', 'dog-supplies', 131, 1, '', '', '1', 0),
(167, 'Cat Supplies', 'cat-supplies', 131, 1, '', '', '1', 0),
(168, 'Instant Foods', 'instant-foods', 0, 0, '', 'maggi-noodles-500x500.png', '1', 0),
(169, 'Noodles', 'noodles', 168, 1, '', '', '1', 0),
(170, 'Sauce & Ketchups', 'sauce-ketchups', 168, 1, '', '', '1', 0),
(171, 'Pasta & Soups', 'pasta-soups', 168, 1, '', '', '1', 0),
(172, 'Jam & Honey', 'jam-honey', 168, 1, '', '', '1', 0),
(173, 'Pickles & Chutneys', 'pickles-chutneys', 168, 1, '', '', '1', 0),
(174, 'Readymade Meals', 'readymade-meals', 168, 1, '', '', '1', 0),
(175, 'Frozen Food', 'frozen-food', 168, 1, '', '', '1', 0),
(176, 'Home & Kitchen', 'home-kitchen', 0, 0, '', 'home-and-kitchen-appliances-png-3.png', '1', 0),
(177, 'Cookware', 'cookware', 176, 1, '', '', '1', 0),
(178, 'Storage & Countainers', 'storage-countainers', 176, 1, '', '', '1', 0),
(179, 'Kitchen Accesseries', 'kitchen-accesseries', 176, 1, '', '', '1', 0),
(180, 'Dining & Serving', 'dining-serving', 176, 1, '', '', '1', 0),
(181, 'Bathroom Essentials', 'bathroom-essentials', 176, 1, '', '', '1', 0),
(182, 'Cleaning Equipments', 'cleaning-equipments', 176, 1, '', '', '1', 0),
(183, 'Elctrical Goods', 'elctrical-goods', 176, 1, '', '', '1', 0),
(184, 'Gas & Stoves', 'gas-stoves', 176, 1, '', '', '1', 0),
(185, 'Beaty', 'beaty', 0, 0, '', 'beauty.png', '1', 0),
(186, 'Makeup', 'makeup', 185, 1, '', '', '1', 0),
(187, 'Skin Care', 'skin-care', 185, 1, '', '', '1', 0),
(188, 'premium Beauty', 'premium-beauty', 185, 1, '', '', '1', 0),
(189, 'Lipsticks', 'lipsticks', 185, 1, '', '', '1', 0),
(190, 'Fragrences', 'fragrences', 185, 1, '', '', '1', 0),
(191, 'Special Combos', 'special-combos', 0, 0, '', 'atta.png', '1', 0),
(192, 'Buy 1 get 1', 'buy-1-get-1', 192, 1, '', 'buy-1.png', '1', 0),
(193, 'Grosarry & Staple', 'grosarry-staple', 191, 1, '', '', '1', 0),
(194, 'Snacks & Bevrages', 'snacks-bevrages', 191, 1, '', '', '1', 0),
(195, 'Instant Foods', 'instant-foods', 191, 1, '', '', '1', 0),
(196, 'rrr', 'rrr', 71, 1, '', '', '1', 0);

-- --------------------------------------------------------

--
-- Table structure for table `city`
--

CREATE TABLE `city` (
  `city_id` int(11) NOT NULL,
  `city_name` varchar(200) NOT NULL,
  `status` int(11) NOT NULL DEFAULT '0'
) ENGINE=InnoDB DEFAULT CHARSET=latin1;

--
-- Dumping data for table `city`
--

INSERT INTO `city` (`city_id`, `city_name`, `status`) VALUES
(2, 'solapur', 1),
(3, 'New Delhi', 1);

-- --------------------------------------------------------

--
-- Table structure for table `ci_sessions`
--

CREATE TABLE `ci_sessions` (
  `id` varchar(128) NOT NULL,
  `ip_address` varchar(45) NOT NULL,
  `timestamp` int(10) UNSIGNED NOT NULL DEFAULT '0',
  `data` blob NOT NULL
) ENGINE=InnoDB DEFAULT CHARSET=latin1;

--
-- Dumping data for table `ci_sessions`
--

INSERT INTO `ci_sessions` (`id`, `ip_address`, `timestamp`, `data`) VALUES
('6b90776132fe7f55153df6248eb4e05f207c34f0', '157.33.224.24', 1588571740, 0x5f5f63695f6c6173745f726567656e65726174657c693a313538383537313734303b),
('b4e8be79cde5cacead4750e99620e95904759225', '157.33.224.24', 1588571740, 0x5f5f63695f6c6173745f726567656e65726174657c693a313538383537313734303b),
('caca0c76d720eb1f85d51a9f9052aef26beab083', '157.33.224.24', 1588571740, 0x5f5f63695f6c6173745f726567656e65726174657c693a313538383537313734303b),
('8b83ca2e8e6c698ff0e2d631427bf9f169a9d1b2', '157.33.224.24', 1588571740, 0x5f5f63695f6c6173745f726567656e65726174657c693a313538383537313734303b),
('e019781f23b817bd466b66203045d8c06b475dc7', '157.33.224.24', 1588571740, 0x5f5f63695f6c6173745f726567656e65726174657c693a313538383537313734303b),
('658b59511bbb446d6862ec748a18cb0d0eb89cca', '157.33.224.24', 1588571740, 0x5f5f63695f6c6173745f726567656e65726174657c693a313538383537313734303b),
('fa4a3fbe846c0abb2c5639df7c439b49e147d5fb', '157.33.224.24', 1588571740, 0x5f5f63695f6c6173745f726567656e65726174657c693a313538383537313734303b),
('d00f16abfc13ec75614235a7eafd48a2dd06ac24', '157.33.224.24', 1588571740, 0x5f5f63695f6c6173745f726567656e65726174657c693a313538383537313734303b),
('f371a119b87a49414c9473778616a63f472e3b6b', '157.33.224.24', 1588571740, 0x5f5f63695f6c6173745f726567656e65726174657c693a313538383537313734303b),
('0c7aab02e914fd0be8c659eaa92a6b8168d3ebee', '157.33.224.24', 1588571799, 0x5f5f63695f6c6173745f726567656e65726174657c693a313538383537313739393b),
('67dc21f7ef2191924393dccd22ba0e01247949cf', '157.33.224.24', 1588571810, 0x5f5f63695f6c6173745f726567656e65726174657c693a313538383537313831303b),
('bcc9e398a3beec3077890bd6e2ee89ea1c446ffd', '157.33.224.24', 1588571810, 0x5f5f63695f6c6173745f726567656e65726174657c693a313538383537313831303b),
('3fb17cf0a11c5494b955fd184889f457b60d100d', '157.33.224.24', 1588571810, 0x5f5f63695f6c6173745f726567656e65726174657c693a313538383537313831303b),
('8f75316029b26eb8f50303f963c56645226aa9e7', '157.33.224.24', 1588571810, 0x5f5f63695f6c6173745f726567656e65726174657c693a313538383537313831303b),
('8dd21ae34eda673e378929c43a7021157d704b0e', '157.33.224.24', 1588571810, 0x5f5f63695f6c6173745f726567656e65726174657c693a313538383537313831303b),
('6d7446390e211e5cf6cb6d65465025c339604f79', '157.33.224.24', 1588571810, 0x5f5f63695f6c6173745f726567656e65726174657c693a313538383537313831303b),
('b20f0145e07f9cbd752c33261a033abb9ba1e90e', '157.33.224.24', 1588571810, 0x5f5f63695f6c6173745f726567656e65726174657c693a313538383537313831303b),
('99f96d2c863019339264929ece4536d99fa56254', '157.33.224.24', 1588571810, 0x5f5f63695f6c6173745f726567656e65726174657c693a313538383537313831303b),
('62bcc8ef77a2f54710ed1ac84470f77b13f3e7da', '157.33.224.24', 1588571810, 0x5f5f63695f6c6173745f726567656e65726174657c693a313538383537313831303b),
('fed40340d128485a3916c71bfac918e5eefdca89', '157.33.224.24', 1588571810, 0x5f5f63695f6c6173745f726567656e65726174657c693a313538383537313831303b),
('22d16d0d738c278796d412afefda2a130e83abab', '157.33.224.24', 1588571825, 0x5f5f63695f6c6173745f726567656e65726174657c693a313538383537313832353b),
('2fdac33e867630a4587a9a8a5b28d9402a81c305', '157.33.224.24', 1588571827, 0x5f5f63695f6c6173745f726567656e65726174657c693a313538383537313832373b),
('fa25c869e4f0df4b1fb0e0178c637e5e6681c47e', '157.33.224.24', 1588571828, 0x5f5f63695f6c6173745f726567656e65726174657c693a313538383537313832383b),
('789bef773457d9d6614c74d074268e19f4b56085', '157.33.224.24', 1588571833, 0x5f5f63695f6c6173745f726567656e65726174657c693a313538383537313833333b),
('9be0d1fa66ab23f9fc0e2f22116b6dc59da959f8', '157.33.224.24', 1588571835, 0x5f5f63695f6c6173745f726567656e65726174657c693a313538383537313833353b),
('f1670acc600306a25671277adce6f90f7b97f8f6', '157.33.224.24', 1588571837, 0x5f5f63695f6c6173745f726567656e65726174657c693a313538383537313833373b),
('b072d78768dd2bbbb1f3f246ccddbe0a82c98b0a', '157.33.224.24', 1588571838, 0x5f5f63695f6c6173745f726567656e65726174657c693a313538383537313833383b),
('7ba6bb6d6c516c214f55910ab706e9627fa5b2b4', '157.33.224.24', 1588571838, 0x5f5f63695f6c6173745f726567656e65726174657c693a313538383537313833383b),
('3ec5cf989d3ef764610850db86a3f50a22dab7a3', '157.33.224.24', 1588571838, 0x5f5f63695f6c6173745f726567656e65726174657c693a313538383537313833383b),
('6e609fc099423c1523c51654d27f7e752563f1c4', '157.33.224.24', 1588571838, 0x5f5f63695f6c6173745f726567656e65726174657c693a313538383537313833383b),
('e1fefcbb0ade93def2413f894eb39a28fcfa51ce', '157.33.224.24', 1588571838, 0x5f5f63695f6c6173745f726567656e65726174657c693a313538383537313833383b),
('a63ee811295de10f6b42a360396522185eff5d51', '157.33.224.24', 1588571838, 0x5f5f63695f6c6173745f726567656e65726174657c693a313538383537313833383b),
('9779a22e52b52880b83283abe49c42cefb3fe0f2', '157.33.224.24', 1588571838, 0x5f5f63695f6c6173745f726567656e65726174657c693a313538383537313833383b),
('d215833e94626977348932aadb4e66f7b117246a', '157.33.224.24', 1588571838, 0x5f5f63695f6c6173745f726567656e65726174657c693a313538383537313833383b),
('53b9052b6dd039b44b62497f40307cf6ce2dbe4c', '157.33.224.24', 1588571838, 0x5f5f63695f6c6173745f726567656e65726174657c693a313538383537313833383b),
('041667f7c150442accfdb0da7339b590536a61f8', '59.88.161.98', 1588588163, 0x5f5f63695f6c6173745f726567656e65726174657c693a313538383538383136333b),
('6ee641c38a5e8dfd82409d44ba2cecb81025bce8', '59.88.161.98', 1588588163, 0x5f5f63695f6c6173745f726567656e65726174657c693a313538383538383136333b),
('4a75d6752e05d951464a6e812ec297176706bac3', '59.88.161.98', 1588588163, 0x5f5f63695f6c6173745f726567656e65726174657c693a313538383538383136333b),
('bd1e551a644a54d252eb976adb1774f182c4fa61', '59.88.161.98', 1588588164, 0x5f5f63695f6c6173745f726567656e65726174657c693a313538383538383136343b),
('9231e24c43c0cddbf3eb2ed6ee225521ac557194', '59.88.161.98', 1588588164, 0x5f5f63695f6c6173745f726567656e65726174657c693a313538383538383136343b),
('11b3139feaa3c7016cd3bad7e71e16acc5f46dcd', '59.88.161.98', 1588588164, 0x5f5f63695f6c6173745f726567656e65726174657c693a313538383538383136343b),
('9ce0239afd91ef74574901dae89df0350e92db29', '59.88.161.98', 1588588164, 0x5f5f63695f6c6173745f726567656e65726174657c693a313538383538383136343b),
('0634f7948462907bee085862ec3332437843d704', '59.88.161.98', 1588588164, 0x5f5f63695f6c6173745f726567656e65726174657c693a313538383538383136343b),
('bbfda90dbd0b15fd6bc3855d561a392dd7c72955', '59.88.161.98', 1588588164, 0x5f5f63695f6c6173745f726567656e65726174657c693a313538383538383136343b),
('c7d96320c13007fdef6dc04f3fda001331a55d0e', '59.88.161.98', 1588588164, 0x5f5f63695f6c6173745f726567656e65726174657c693a313538383538383136343b),
('be0497f6c704a622e0776bd0dd52bd2d89a2af83', '59.88.161.98', 1588588164, 0x5f5f63695f6c6173745f726567656e65726174657c693a313538383538383136343b),
('7407d5d1831f8cb46645851be9aaf29911d5090a', '59.88.161.98', 1588588164, 0x5f5f63695f6c6173745f726567656e65726174657c693a313538383538383136343b),
('e31c226d1e502813b19dfd75aa2d3d47c1785c29', '59.88.161.98', 1588588206, 0x5f5f63695f6c6173745f726567656e65726174657c693a313538383538383230363b),
('ad0f8179b5971e0537b91df582c0c676dd31987c', '59.88.161.98', 1588588304, 0x5f5f63695f6c6173745f726567656e65726174657c693a313538383538383330343b),
('e477b83ee5da0a97544c52fba8c26b5133464811', '59.88.161.98', 1588588332, 0x5f5f63695f6c6173745f726567656e65726174657c693a313538383538383333323b),
('45c0409eec7c6319d8f65836ad18e6e392c1bfdf', '59.88.161.98', 1588588332, 0x5f5f63695f6c6173745f726567656e65726174657c693a313538383538383333323b),
('79b3ffb0c9a5e7200c0458535fccab8a5dcdfe28', '59.88.161.98', 1588588332, 0x5f5f63695f6c6173745f726567656e65726174657c693a313538383538383333323b),
('3a2921463c8e1200078479d1e95993fe772a8cd9', '59.88.161.98', 1588588332, 0x5f5f63695f6c6173745f726567656e65726174657c693a313538383538383333323b),
('bdcb1535c39d7ae7d8a3e7f844bb3a8d92b366f2', '59.88.161.98', 1588588332, 0x5f5f63695f6c6173745f726567656e65726174657c693a313538383538383333323b),
('bea7b8f3456427a667af24cab96c8e55f3d769a9', '59.88.161.98', 1588588332, 0x5f5f63695f6c6173745f726567656e65726174657c693a313538383538383333323b),
('b68957a8ea9f6f98ba5384dd21ebbe9789041030', '59.88.161.98', 1588588332, 0x5f5f63695f6c6173745f726567656e65726174657c693a313538383538383333323b),
('b0090d319b492218fdac0fdac097699cf89eeee9', '59.88.161.98', 1588588332, 0x5f5f63695f6c6173745f726567656e65726174657c693a313538383538383333323b),
('f4fde81a4bb316f1b7131a2b145eec082205ef68', '59.88.161.98', 1588588332, 0x5f5f63695f6c6173745f726567656e65726174657c693a313538383538383333323b),
('93c198c68bc0e947d2b264b4f9ba746a536dd375', '59.88.161.98', 1588588332, 0x5f5f63695f6c6173745f726567656e65726174657c693a313538383538383333323b),
('59f0b1b18e5289b5edb9e8966dd5c849701f3d74', '117.200.217.61', 1588589704, 0x5f5f63695f6c6173745f726567656e65726174657c693a313538383538393730343b),
('6e353100a555ec9e152ed961a8db6c4ac313e601', '117.200.217.61', 1588589718, 0x5f5f63695f6c6173745f726567656e65726174657c693a313538383538393731383b),
('4d2ed0f82de589baf1aad0ef76199ee0db074ca8', '117.200.217.61', 1588589718, 0x5f5f63695f6c6173745f726567656e65726174657c693a313538383538393731383b),
('5e68822402ce45ab80c3f77a953b3f284f2c07f2', '117.200.217.61', 1588589718, 0x5f5f63695f6c6173745f726567656e65726174657c693a313538383538393731383b),
('86028f6928c264ae5da395bae8acaec3bde956d9', '117.200.217.61', 1588589718, 0x5f5f63695f6c6173745f726567656e65726174657c693a313538383538393731383b),
('5404104dfe28d89b4c833e31b97d2875227a6332', '117.200.217.61', 1588589718, 0x5f5f63695f6c6173745f726567656e65726174657c693a313538383538393731383b),
('d1efb3aed024b3294e3cfd5ab8412f248885cb77', '117.200.217.61', 1588589718, 0x5f5f63695f6c6173745f726567656e65726174657c693a313538383538393731383b),
('2b0b4dc714e0295eded0efdd901587d83e6caa8e', '117.200.217.61', 1588589718, 0x5f5f63695f6c6173745f726567656e65726174657c693a313538383538393731383b),
('c1f73c0b7ac34983495ccbc8475fcff60dc4a57c', '117.200.217.61', 1588589718, 0x5f5f63695f6c6173745f726567656e65726174657c693a313538383538393731383b),
('53befe4e25a30810f8fd08a910ae03d9bc847d60', '117.200.217.61', 1588589718, 0x5f5f63695f6c6173745f726567656e65726174657c693a313538383538393731383b),
('7a1a5105540ce8772cb43912886929fbf21d44aa', '117.200.217.61', 1588589718, 0x5f5f63695f6c6173745f726567656e65726174657c693a313538383538393731383b),
('41c8387fce09b084cb643c8d44e974e47e6c68d3', '117.200.217.61', 1588589750, 0x5f5f63695f6c6173745f726567656e65726174657c693a313538383538393735303b),
('5a49b7bd7b5bea2f4b4b6223c83b5a2a763547d7', '117.200.217.61', 1588589860, 0x5f5f63695f6c6173745f726567656e65726174657c693a313538383538393836303b),
('46bdfb3041c115c0526daebb783c7b972cf041ba', '117.200.217.61', 1588589989, 0x5f5f63695f6c6173745f726567656e65726174657c693a313538383538393938393b),
('3ffc21d4934cfb1a40a589f360d4453868bf4bcd', '117.200.217.61', 1588590027, 0x5f5f63695f6c6173745f726567656e65726174657c693a313538383539303032373b),
('d14536fc0f08d3679f821f27094e83161ce5b5ef', '106.220.89.148', 1588594879, 0x5f5f63695f6c6173745f726567656e65726174657c693a313538383539343837393b),
('e42d96997cef5e998f4937db0ff5927d053138b0', '106.220.89.148', 1588594879, 0x5f5f63695f6c6173745f726567656e65726174657c693a313538383539343837393b),
('07d59f39f0dba85cef5a7ff3efa02f1d6594b5c7', '106.220.89.148', 1588594879, 0x5f5f63695f6c6173745f726567656e65726174657c693a313538383539343837393b),
('ae39384bc4450fa56b29bc7ab4b92583b19d8a4a', '106.220.89.148', 1588594879, 0x5f5f63695f6c6173745f726567656e65726174657c693a313538383539343837393b),
('370cc592097833ca1a0cd341b92244157869b6a3', '106.220.89.148', 1588594879, 0x5f5f63695f6c6173745f726567656e65726174657c693a313538383539343837393b),
('d5e43e0b51d39d9e5b5576734bd47ce687319f52', '106.220.89.148', 1588594879, 0x5f5f63695f6c6173745f726567656e65726174657c693a313538383539343837393b),
('715d44c79f7810c6b1dd002c7df0035e7279b029', '106.220.89.148', 1588594879, 0x5f5f63695f6c6173745f726567656e65726174657c693a313538383539343837393b),
('2d0fa4cf85bc9386039ef71aa321ee4e39ea9d51', '106.220.89.148', 1588594879, 0x5f5f63695f6c6173745f726567656e65726174657c693a313538383539343837393b),
('1a80bc8b27f3790494196557fc03a1555eefb3ef', '106.220.89.148', 1588594932, 0x5f5f63695f6c6173745f726567656e65726174657c693a313538383539343933323b),
('a52e326929a3ef01e3bceab0c140f7b27c3176b2', '106.220.89.148', 1588594949, 0x5f5f63695f6c6173745f726567656e65726174657c693a313538383539343934393b),
('4bb1d4226a70a2c00f648bc19bebd1479deb25e5', '106.220.89.148', 1588594966, 0x5f5f63695f6c6173745f726567656e65726174657c693a313538383539343936363b),
('717327d0162d650002150877164fc8d060ecafb0', '106.220.89.148', 1588595024, 0x5f5f63695f6c6173745f726567656e65726174657c693a313538383539353032343b),
('2ced48ec2326c643e256b46ab31e6796c6d179c1', '106.220.89.148', 1588595075, 0x5f5f63695f6c6173745f726567656e65726174657c693a313538383539353037353b),
('f0164b767b6ba9389ea4fbe7b27b29c33dcc88ce', '106.220.89.148', 1588595092, 0x5f5f63695f6c6173745f726567656e65726174657c693a313538383539353039323b),
('853d64ecde5523d9975d3ec427bede3e5cc1dc79', '106.220.89.148', 1588595124, 0x5f5f63695f6c6173745f726567656e65726174657c693a313538383539353132343b),
('8941d2a74604bd19306cfc97c5bde13fc58d07f9', '106.220.89.148', 1588595156, 0x5f5f63695f6c6173745f726567656e65726174657c693a313538383539353135363b),
('db5e0012c59f70f175c78c81c78ad069c53e2261', '106.220.89.148', 1588595157, 0x5f5f63695f6c6173745f726567656e65726174657c693a313538383539353135373b),
('ee7b653860275125f889f60e54e72f36d120cad3', '106.220.89.148', 1588595203, 0x5f5f63695f6c6173745f726567656e65726174657c693a313538383539353230333b),
('de43c1a09b0c0bef31c195d40386931a014fca68', '106.220.89.148', 1588595203, 0x5f5f63695f6c6173745f726567656e65726174657c693a313538383539353230333b),
('7b0fff7cbc3985763c348c99f07d4095fb2af7ce', '106.220.89.148', 1588595204, 0x5f5f63695f6c6173745f726567656e65726174657c693a313538383539353230343b),
('9fef090c30cbf67a15d8a28f6290e1c964489b02', '106.220.89.148', 1588595204, 0x5f5f63695f6c6173745f726567656e65726174657c693a313538383539353230343b),
('7b03ee50f723f81ca4569a8be07eb3b8bf0dd47f', '106.220.89.148', 1588595204, 0x5f5f63695f6c6173745f726567656e65726174657c693a313538383539353230343b),
('120557489c5d388f8eb0ed7685d8a509ace4cf51', '106.220.89.148', 1588595204, 0x5f5f63695f6c6173745f726567656e65726174657c693a313538383539353230343b),
('ca4c259e733525120e4662ac86e1212ffe326ae5', '106.220.89.148', 1588595204, 0x5f5f63695f6c6173745f726567656e65726174657c693a313538383539353230343b),
('f56d37da4d03dc1870635e4841269f41c26c01b3', '106.220.89.148', 1588595204, 0x5f5f63695f6c6173745f726567656e65726174657c693a313538383539353230343b),
('8582da705773b27c2ae394afb6f309a787d5df28', '106.220.89.148', 1588595204, 0x5f5f63695f6c6173745f726567656e65726174657c693a313538383539353230343b),
('4d7ea9021294fca375c8818e81478aaff3691a47', '106.220.89.148', 1588595204, 0x5f5f63695f6c6173745f726567656e65726174657c693a313538383539353230343b),
('3e4dd6ef4b56229a092619447f391b0f79ad7d16', '106.220.89.148', 1588595210, 0x5f5f63695f6c6173745f726567656e65726174657c693a313538383539353231303b),
('bb85a72c72fc71fd2326ac8e6d5116ac61c4ed86', '106.220.89.148', 1588595214, 0x5f5f63695f6c6173745f726567656e65726174657c693a313538383539353231343b),
('75bb3c1b66ebf9b25ccd453e31d170160f41ebef', '106.220.89.148', 1588595215, 0x5f5f63695f6c6173745f726567656e65726174657c693a313538383539353231353b),
('23427dd8c464a4e8f1a929d914c169cc1d60f765', '106.220.89.148', 1588595215, 0x5f5f63695f6c6173745f726567656e65726174657c693a313538383539353231353b),
('dba20f19d24bad64b959dd9e4ae9658c87d4381e', '106.220.89.148', 1588595215, 0x5f5f63695f6c6173745f726567656e65726174657c693a313538383539353231353b),
('2e8cf331b4ce253b3c0b0e3e9deae48a2e414314', '106.220.89.148', 1588595215, 0x5f5f63695f6c6173745f726567656e65726174657c693a313538383539353231353b),
('708ab88699cf6715c7d16d9493da386da5a9aebe', '106.220.89.148', 1588595215, 0x5f5f63695f6c6173745f726567656e65726174657c693a313538383539353231353b),
('0ba94ef25ffd056c575ea5309b4fb8f33a18f74c', '106.220.89.148', 1588595215, 0x5f5f63695f6c6173745f726567656e65726174657c693a313538383539353231353b),
('4bbd528006108f8fd23e85618113c4adcda20848', '106.220.89.148', 1588595215, 0x5f5f63695f6c6173745f726567656e65726174657c693a313538383539353231353b),
('c582af8d1f3cad8d417a180378e9bba7df97e32c', '106.220.89.148', 1588595216, 0x5f5f63695f6c6173745f726567656e65726174657c693a313538383539353231363b),
('8948a077c1c1b2866797867f41e67d7b41d007d0', '106.220.89.148', 1588595216, 0x5f5f63695f6c6173745f726567656e65726174657c693a313538383539353231363b),
('6bf0ba75f317eb410618c2c49e8bfc2322365251', '106.220.89.148', 1588595345, 0x5f5f63695f6c6173745f726567656e65726174657c693a313538383539353334353b),
('f34a72dd9cc9f87bba027eb5d7c35f4c30f7c480', '106.220.89.148', 1588595345, 0x5f5f63695f6c6173745f726567656e65726174657c693a313538383539353334353b),
('e6fcc9978def7bce69fc5e4a6c6cd8d0021ec90f', '106.220.89.148', 1588595345, 0x5f5f63695f6c6173745f726567656e65726174657c693a313538383539353334353b),
('7b708b485affd4d460a2728f4f7842801c5331c3', '106.220.89.148', 1588595345, 0x5f5f63695f6c6173745f726567656e65726174657c693a313538383539353334353b),
('0e9b2a3b4849797ea30072e241e6b53e886e64bd', '106.220.89.148', 1588595345, 0x5f5f63695f6c6173745f726567656e65726174657c693a313538383539353334353b),
('2d486640e0259856ade3acd16288b7d13bf80dd0', '106.220.89.148', 1588595345, 0x5f5f63695f6c6173745f726567656e65726174657c693a313538383539353334353b),
('3ea0d2d88928074fe5d0607d4ff5db9749bba927', '106.220.89.148', 1588595345, 0x5f5f63695f6c6173745f726567656e65726174657c693a313538383539353334353b),
('0cc465418b934ef901f2749455ac3430d8258477', '106.220.89.148', 1588595345, 0x5f5f63695f6c6173745f726567656e65726174657c693a313538383539353334353b),
('dfc4a3d2c2f9fc881de55a1fbcb850308a02c8c1', '106.220.89.148', 1588595345, 0x5f5f63695f6c6173745f726567656e65726174657c693a313538383539353334353b),
('8d8e039906ed5f3042652da0fa95aa52d93746fd', '106.220.89.148', 1588595345, 0x5f5f63695f6c6173745f726567656e65726174657c693a313538383539353334353b),
('32a42500f28924c4cd16f6a3775b78cf7b55bd01', '106.220.89.148', 1588595345, 0x5f5f63695f6c6173745f726567656e65726174657c693a313538383539353334353b),
('9f9214b7e73167976d08058ec62fec176a71333e', '106.220.89.148', 1588595346, 0x5f5f63695f6c6173745f726567656e65726174657c693a313538383539353334363b),
('024f5486d2292fc8841e939ebf09e50e30c8ddbf', '106.220.89.148', 1588595576, 0x5f5f63695f6c6173745f726567656e65726174657c693a313538383539353537363b),
('410a889bdfb95f218dcf9ef2f5c213f504cef175', '106.220.89.148', 1588595691, 0x5f5f63695f6c6173745f726567656e65726174657c693a313538383539353639313b),
('23500f59cdca6dc83114dcd3ac30ec066f8b0c39', '106.220.89.148', 1588595716, 0x5f5f63695f6c6173745f726567656e65726174657c693a313538383539353731363b),
('a95022230c7909b6c610c4f4cf93bf0ab8960bb7', '106.220.89.148', 1588595717, 0x5f5f63695f6c6173745f726567656e65726174657c693a313538383539353731373b),
('afe40b1047c19db7bd462116c4e208121aca33ce', '106.220.89.148', 1588595719, 0x5f5f63695f6c6173745f726567656e65726174657c693a313538383539353731393b),
('a6c1b59fb31897a1d701dccca03886684a2add88', '106.220.89.148', 1588595719, 0x5f5f63695f6c6173745f726567656e65726174657c693a313538383539353731393b),
('1a1b998244c6ab43e2bf2d19d9fdbc37c0d9cf96', '106.220.89.148', 1588595720, 0x5f5f63695f6c6173745f726567656e65726174657c693a313538383539353732303b),
('9145f24f4a9f00bf075d40a65892dfb7fe612ca4', '106.220.89.148', 1588595720, 0x5f5f63695f6c6173745f726567656e65726174657c693a313538383539353732303b),
('52e6db7b254701610fe02998443e0bbac2904ec5', '106.220.89.148', 1588595720, 0x5f5f63695f6c6173745f726567656e65726174657c693a313538383539353732303b),
('82d07b2984ac1410191ad2460909903b251e18b8', '106.220.89.148', 1588595720, 0x5f5f63695f6c6173745f726567656e65726174657c693a313538383539353732303b),
('6d98a20e61e61f2acfab098e4aafacabb1d1f69c', '106.220.89.148', 1588595720, 0x5f5f63695f6c6173745f726567656e65726174657c693a313538383539353732303b),
('bbe50f1a6537203aca77818c3ce7fb47afd297c6', '106.220.89.148', 1588595720, 0x5f5f63695f6c6173745f726567656e65726174657c693a313538383539353732303b),
('b643b3dacc4c858a8d56438482689b716db35036', '106.220.89.148', 1588595720, 0x5f5f63695f6c6173745f726567656e65726174657c693a313538383539353732303b),
('a4c458fe912f39f062d5270631cd4b4866d9a338', '106.220.89.148', 1588595720, 0x5f5f63695f6c6173745f726567656e65726174657c693a313538383539353732303b),
('a0fbf59c18f42aa8ceaa3e6c7ae64c13d837f233', '106.220.89.148', 1588595799, 0x5f5f63695f6c6173745f726567656e65726174657c693a313538383539353739393b),
('06dfcf77caab81ad8db030bc29673d184bf02309', '106.220.89.148', 1588595799, 0x5f5f63695f6c6173745f726567656e65726174657c693a313538383539353739393b),
('91806a864ef7869739f267547967a4fccedf0cc3', '106.220.89.148', 1588595799, 0x5f5f63695f6c6173745f726567656e65726174657c693a313538383539353739393b),
('ca4a3ad4f23c52b7a0ce0366a4e8bb1433e0e22f', '106.220.89.148', 1588595799, 0x5f5f63695f6c6173745f726567656e65726174657c693a313538383539353739393b),
('8330df13cecb221588538ded4d2974c9dba1b1ae', '106.220.89.148', 1588595799, 0x5f5f63695f6c6173745f726567656e65726174657c693a313538383539353739393b),
('2ee92730b3d4825f671ae37aae38270ea3061892', '106.220.89.148', 1588595799, 0x5f5f63695f6c6173745f726567656e65726174657c693a313538383539353739393b),
('3b0de83368b84b0d35851029a5b13759194e0046', '106.220.89.148', 1588595799, 0x5f5f63695f6c6173745f726567656e65726174657c693a313538383539353739393b),
('058ead726f2e98c485dbc560b60fd77a0e2fbe23', '106.220.89.148', 1588595799, 0x5f5f63695f6c6173745f726567656e65726174657c693a313538383539353739393b),
('808861b2e98886ae6242eb7cde83a75f24e8505f', '106.220.89.148', 1588595799, 0x5f5f63695f6c6173745f726567656e65726174657c693a313538383539353739393b),
('9e1032d5b5aec664716f83f5fe93bfaa4f976de5', '106.220.89.148', 1588595799, 0x5f5f63695f6c6173745f726567656e65726174657c693a313538383539353739393b),
('529ae0ce1270a876524c2946e225e8e805bcb076', '106.220.89.148', 1588596446, 0x5f5f63695f6c6173745f726567656e65726174657c693a313538383539363434363b),
('cdb07e90ed258b4620ac96009b0d73872900b5ea', '106.220.89.148', 1588596446, 0x5f5f63695f6c6173745f726567656e65726174657c693a313538383539363434363b),
('b6608958f2cd7c7b69e7f445e5f548664b8dada0', '106.220.89.148', 1588596446, 0x5f5f63695f6c6173745f726567656e65726174657c693a313538383539363434363b),
('6e5c1c2ccd23cd145e2b6c7801072442e0067736', '106.220.89.148', 1588596446, 0x5f5f63695f6c6173745f726567656e65726174657c693a313538383539363434363b),
('e627d4eb7c6743f23c5edc95b284aefdd54dd41d', '106.220.89.148', 1588596446, 0x5f5f63695f6c6173745f726567656e65726174657c693a313538383539363434363b),
('ba3e923df55c78707bfc88cd94794b301d3706a8', '106.220.89.148', 1588596446, 0x5f5f63695f6c6173745f726567656e65726174657c693a313538383539363434363b),
('a4e4859c1b2b72f4da316b53abd61245f85dbd1b', '106.220.89.148', 1588596446, 0x5f5f63695f6c6173745f726567656e65726174657c693a313538383539363434363b),
('89d2561fd87a9786a3eb4bdb423ad9e957cecbf5', '106.220.89.148', 1588596446, 0x5f5f63695f6c6173745f726567656e65726174657c693a313538383539363434363b),
('169a2e5c1f90059460c6ea541075c20a6cf943af', '106.220.89.148', 1588596446, 0x5f5f63695f6c6173745f726567656e65726174657c693a313538383539363434363b),
('91090fb92edac2c9b307c219e981b803dd74ee85', '106.220.89.148', 1588596446, 0x5f5f63695f6c6173745f726567656e65726174657c693a313538383539363434363b),
('1523cb8987d0dc79c08545e6a16f8ddd5a1601e1', '106.220.89.148', 1588597162, 0x5f5f63695f6c6173745f726567656e65726174657c693a313538383539373136323b),
('974389a37f56c49db5a2d59eb9c28404395db077', '106.220.89.148', 1588597162, 0x5f5f63695f6c6173745f726567656e65726174657c693a313538383539373136323b),
('f77f3e38c7f3db6e2cc384e3064e5e5657fe3830', '106.220.89.148', 1588597162, 0x5f5f63695f6c6173745f726567656e65726174657c693a313538383539373136323b),
('5447a5d962e8d06cdcef25f4c0d5243ec07abea6', '106.220.89.148', 1588597162, 0x5f5f63695f6c6173745f726567656e65726174657c693a313538383539373136323b),
('7d73e10f631c3f90970605d640ff6b42bb1f5858', '106.220.89.148', 1588597162, 0x5f5f63695f6c6173745f726567656e65726174657c693a313538383539373136323b),
('2724100675eef10456f0b27af30ef2212a7c1cf8', '106.220.89.148', 1588597162, 0x5f5f63695f6c6173745f726567656e65726174657c693a313538383539373136323b),
('3b8dcc4b53a48bdfa992a99eb14d7ca2b8055818', '106.220.89.148', 1588597162, 0x5f5f63695f6c6173745f726567656e65726174657c693a313538383539373136323b),
('620cbdfcad787c644c1aa658fbbb025605e976d0', '106.220.89.148', 1588597162, 0x5f5f63695f6c6173745f726567656e65726174657c693a313538383539373136323b),
('52d8391819cbe9ba4f792fcff4dadd2e7918d981', '106.220.89.148', 1588597162, 0x5f5f63695f6c6173745f726567656e65726174657c693a313538383539373136323b),
('f63302cd88a5ba08671387184a119024c03d745f', '106.220.89.148', 1588597162, 0x5f5f63695f6c6173745f726567656e65726174657c693a313538383539373136323b),
('dd32cc1f6a1e72b842667132ce9b38fc38a154a9', '59.88.160.47', 1588655056, 0x5f5f63695f6c6173745f726567656e65726174657c693a313538383635353035363b),
('a789843bd2df1ad67d7d027f39345a88f5288a08', '59.88.160.47', 1588655056, 0x5f5f63695f6c6173745f726567656e65726174657c693a313538383635353035363b),
('2c8b92954e382d6ee599965a5543dadfa6ea0e53', '59.88.160.47', 1588655056, 0x5f5f63695f6c6173745f726567656e65726174657c693a313538383635353035363b),
('c9ed5d5ea5bcb52b74f3166351109f194a627d69', '59.88.160.47', 1588655056, 0x5f5f63695f6c6173745f726567656e65726174657c693a313538383635353035363b),
('80bc77564f43b1317e9f5aada892b602dc587b9d', '59.88.160.47', 1588655056, 0x5f5f63695f6c6173745f726567656e65726174657c693a313538383635353035363b),
('4d49f4f3d277181457bd456013c5bb4916ac5133', '59.88.160.47', 1588655056, 0x5f5f63695f6c6173745f726567656e65726174657c693a313538383635353035363b),
('703e10fabc9f75e8a3e851eb370f7e17c253539e', '59.88.160.47', 1588655056, 0x5f5f63695f6c6173745f726567656e65726174657c693a313538383635353035363b),
('4d4c60e01fffd82700ca1d0dbd009c7c3575c9b8', '59.88.160.47', 1588657498, 0x5f5f63695f6c6173745f726567656e65726174657c693a313538383635373439383b),
('a8607dfa209599d4fcc507933d8eae58e590a726', '117.223.101.214', 1588658110, 0x5f5f63695f6c6173745f726567656e65726174657c693a313538383635383131303b),
('8203677e65f9fa03d883c23d7ba640751157d053', '117.223.101.214', 1588658141, 0x5f5f63695f6c6173745f726567656e65726174657c693a313538383635383134313b),
('fab2976716624a5987411184fa257d7dc26afc90', '106.193.105.71', 1588661547, 0x5f5f63695f6c6173745f726567656e65726174657c693a313538383636313534373b),
('9afbc71e74b9d1fb84e43b1e4246698a34f16405', '106.193.105.71', 1588661547, 0x5f5f63695f6c6173745f726567656e65726174657c693a313538383636313534373b),
('6312bd7c1745db94f304ed436bebc411baafa30a', '106.193.105.71', 1588661547, 0x5f5f63695f6c6173745f726567656e65726174657c693a313538383636313534373b),
('85e5d3d0ab3e9d5fb1b88dad5719197d2f7c8f73', '106.193.105.71', 1588661547, 0x5f5f63695f6c6173745f726567656e65726174657c693a313538383636313534373b),
('7f499a29ada9bad856ab916cbf42a877d9c50cd4', '106.193.105.71', 1588661547, 0x5f5f63695f6c6173745f726567656e65726174657c693a313538383636313534373b),
('105098487003a8b19479cee9a538c559f8132299', '106.193.105.71', 1588661547, 0x5f5f63695f6c6173745f726567656e65726174657c693a313538383636313534373b),
('49095e73899e4c737a4e5172d04e1f28dd6e5f90', '106.193.105.71', 1588661547, 0x5f5f63695f6c6173745f726567656e65726174657c693a313538383636313534373b),
('6ecd62a59e26cea31f40b1dec28364c087a85359', '106.193.105.71', 1588661547, 0x5f5f63695f6c6173745f726567656e65726174657c693a313538383636313534373b),
('8a368c5748e8611e12918ec19e933e0d15531d1c', '106.193.105.71', 1588661547, 0x5f5f63695f6c6173745f726567656e65726174657c693a313538383636313534373b),
('9b127bfd076314bd72c718843cd93dc3a0e52cee', '106.193.105.71', 1588661581, 0x5f5f63695f6c6173745f726567656e65726174657c693a313538383636313538313b),
('2779409a2b64f4d8aae0fac830a52f5adedb3e25', '106.193.105.71', 1588661587, 0x5f5f63695f6c6173745f726567656e65726174657c693a313538383636313538373b),
('d0d9f6299f70e0f99549269b000c0b7a8c81a180', '106.193.105.71', 1588661588, 0x5f5f63695f6c6173745f726567656e65726174657c693a313538383636313538383b),
('86ba2b6a2bc653ef78d070dec9fd88784204de1e', '106.193.105.71', 1588661588, 0x5f5f63695f6c6173745f726567656e65726174657c693a313538383636313538383b),
('df4e92776e2941a1c82e990e172591bf27374da6', '106.193.105.71', 1588661588, 0x5f5f63695f6c6173745f726567656e65726174657c693a313538383636313538383b),
('7a184d6e14e5fff2fc831f6a73fa5943f3f3dc57', '106.193.105.71', 1588661588, 0x5f5f63695f6c6173745f726567656e65726174657c693a313538383636313538383b),
('fe00e79b546da03821c121de589f4382c47619b7', '106.193.105.71', 1588661588, 0x5f5f63695f6c6173745f726567656e65726174657c693a313538383636313538383b),
('6f31f93b2987d98bd03e27d633c0484806084528', '106.193.105.71', 1588661588, 0x5f5f63695f6c6173745f726567656e65726174657c693a313538383636313538383b),
('1b0ad4bff7500d9bb47cf0f8a6d696d401648e72', '106.193.105.71', 1588661588, 0x5f5f63695f6c6173745f726567656e65726174657c693a313538383636313538383b),
('79f69dd291c07e612fe75e41c426575601725f48', '106.193.105.71', 1588661588, 0x5f5f63695f6c6173745f726567656e65726174657c693a313538383636313538383b),
('ffea9253a20adc88fe6b176fcaef2640bf347de7', '59.88.162.195', 1588830071, 0x5f5f63695f6c6173745f726567656e65726174657c693a313538383833303037313b),
('c374bd92ca574fd8661f15984edc127da912237a', '59.88.162.195', 1588830071, 0x5f5f63695f6c6173745f726567656e65726174657c693a313538383833303037313b),
('48c69da383c70ab7eda69a8776bc552d8379b7bc', '59.88.162.195', 1588830071, 0x5f5f63695f6c6173745f726567656e65726174657c693a313538383833303037313b),
('735eff7b9e5321dd72d1a740e0cf1c3b4008bf8b', '59.88.162.195', 1588830071, 0x5f5f63695f6c6173745f726567656e65726174657c693a313538383833303037313b),
('75fdb6f3c4daec8450b74b70ff2f28294b9b4a80', '59.88.162.195', 1588830071, 0x5f5f63695f6c6173745f726567656e65726174657c693a313538383833303037313b),
('4a39f2b04c3b8148412b72477b6acad14b1d0254', '59.88.162.195', 1588830071, 0x5f5f63695f6c6173745f726567656e65726174657c693a313538383833303037313b),
('c7faf20119a800dc9a5a2d1d1178010c59735e6a', '59.88.162.195', 1588830071, 0x5f5f63695f6c6173745f726567656e65726174657c693a313538383833303037313b),
('4805366b06d3021b6e84e27d95dfe78a3e897ca7', '59.88.162.195', 1588830071, 0x5f5f63695f6c6173745f726567656e65726174657c693a313538383833303037313b),
('dd11d6700646737d73397c913272ef2db0f6deae', '59.88.162.195', 1588830071, 0x5f5f63695f6c6173745f726567656e65726174657c693a313538383833303037313b),
('55a59fb14d9e6a8b54596672bdac56662d7c818a', '59.88.162.195', 1588830071, 0x5f5f63695f6c6173745f726567656e65726174657c693a313538383833303037313b);

-- --------------------------------------------------------

--
-- Table structure for table `closing_hours`
--

CREATE TABLE `closing_hours` (
  `id` int(11) NOT NULL,
  `date` date NOT NULL,
  `from_time` time NOT NULL,
  `to_time` time NOT NULL,
  `shop_id` int(11) NOT NULL
) ENGINE=InnoDB DEFAULT CHARSET=utf8;

--
-- Dumping data for table `closing_hours`
--

INSERT INTO `closing_hours` (`id`, `date`, `from_time`, `to_time`, `shop_id`) VALUES
(1, '2017-02-06', '10:30:00', '16:00:00', 0),
(3, '2017-11-15', '09:00:00', '21:00:00', 0),
(4, '2017-04-10', '09:00:00', '19:00:00', 0),
(5, '2017-05-05', '09:00:00', '21:00:00', 0),
(6, '2017-12-12', '09:30:00', '19:00:00', 0),
(7, '1970-01-01', '00:00:00', '00:00:00', 0),
(8, '2019-03-25', '18:00:00', '18:00:00', 0),
(9, '1969-12-31', '18:00:00', '18:00:00', 0),
(11, '2019-03-26', '00:00:00', '18:00:00', 2),
(12, '1969-12-31', '01:29:26', '18:00:00', 0),
(13, '1969-12-31', '18:00:00', '18:00:00', 0),
(14, '2019-03-27', '23:00:00', '03:00:00', 0),
(17, '2019-03-28', '22:22:00', '11:11:00', 0),
(19, '2019-03-28', '22:22:00', '11:11:00', 0),
(22, '2019-03-15', '00:00:00', '00:00:00', 0),
(23, '2019-03-31', '03:03:00', '03:03:00', 0),
(24, '2060-04-04', '04:05:00', '04:54:00', 0),
(25, '2060-04-24', '05:59:00', '04:59:00', 0),
(26, '2019-12-31', '22:10:00', '17:00:00', 0);

-- --------------------------------------------------------

--
-- Table structure for table `coupons`
--

CREATE TABLE `coupons` (
  `id` int(11) NOT NULL,
  `coupon_name` varchar(200) NOT NULL,
  `valid_from` varchar(20) NOT NULL,
  `coupon_code` varchar(255) NOT NULL,
  `valid_to` varchar(20) NOT NULL,
  `validity_type` varchar(50) DEFAULT NULL,
  `type_id` varchar(150) DEFAULT NULL COMMENT 'cat_id and pro_id two are saved',
  `discount_type` varchar(50) DEFAULT NULL,
  `discount_value` int(11) NOT NULL,
  `cart_value` int(11) DEFAULT NULL,
  `uses_restriction` int(11) DEFAULT NULL,
  `user_type` text,
  `shop_id` int(11) DEFAULT NULL,
  `max_count` int(11) DEFAULT NULL,
  `cashback` text,
  `free_delivery` text,
  `min_limit` text,
  `max_limit` text
) ENGINE=MyISAM DEFAULT CHARSET=latin1;

--
-- Dumping data for table `coupons`
--

INSERT INTO `coupons` (`id`, `coupon_name`, `valid_from`, `coupon_code`, `valid_to`, `validity_type`, `type_id`, `discount_type`, `discount_value`, `cart_value`, `uses_restriction`, `user_type`, `shop_id`, `max_count`, `cashback`, `free_delivery`, `min_limit`, `max_limit`) VALUES
(27, 'Testco', '31/03/2020', 'Testco', '31/12/2020', NULL, '', '1', 20, 11, NULL, NULL, NULL, 2, '11', '1', '1', '11'),
(29, 'raj', '01/03/2020', 'april', '31/12/2020', 'Product', '43,44,45,46', '1', 10, 0, NULL, 'all_user', NULL, 3, '1', '1', '12', '20'),
(52, 'surf_city40', '05/03/2020', '123', '31/03/2020', NULL, NULL, '0', 10, NULL, NULL, NULL, NULL, 6, '10', '1', '30', '500'),
(53, 'surfcity', '22/03/2020', 'surfci', '31/03/2020', NULL, NULL, '1', 50, NULL, NULL, NULL, NULL, 2, '51', '0', '100', '200'),
(54, 's2', '22/03/2020', 's2', '31/03/2020', NULL, '', '1', 50, NULL, NULL, NULL, NULL, 3, '', '1', '100', '200'),
(55, 'efe', '05/03/2020', 'er', '26/03/2020', NULL, '', '0', 3, NULL, NULL, NULL, NULL, 1, '1', '1', '3', '500'),
(56, 'twst_now', '12/03/2020', '345', '31/03/2020', NULL, NULL, '0', 4, NULL, NULL, NULL, NULL, 1, '30', '1', '50', '500'),
(57, 'test', '03/03/2020', '2603', '31/03/2020', NULL, NULL, '0', 10, NULL, NULL, NULL, NULL, 1, '2', '1', '50', '100'),
(58, 'percetageeesss', '02/03/2020', '3554', '31/03/2020', NULL, '', '1', 50, NULL, NULL, NULL, NULL, 4, '5', '0', '80', '500'),
(59, 'flat20', '01/03/2020', '34', '31/03/2020', NULL, NULL, '0', 20, NULL, NULL, NULL, NULL, 5, '8', '0', '50', '100'),
(60, 'abc', '03/03/2020', 'xyz', '03/3/2021', NULL, NULL, '0', 10, NULL, NULL, NULL, NULL, 10, '5', '0', '10', '10');

-- --------------------------------------------------------

--
-- Table structure for table `deal_product`
--

CREATE TABLE `deal_product` (
  `id` int(11) NOT NULL,
  `product_id` int(11) NOT NULL,
  `product_name` varchar(200) NOT NULL,
  `deal_price` varchar(200) NOT NULL,
  `start_date` date NOT NULL,
  `start_time` time NOT NULL,
  `end_date` date NOT NULL,
  `end_time` time NOT NULL,
  `shop_id` int(11) NOT NULL,
  `max_qty` int(11) NOT NULL
) ENGINE=MyISAM DEFAULT CHARSET=latin1;

--
-- Dumping data for table `deal_product`
--

INSERT INTO `deal_product` (`id`, `product_id`, `product_name`, `deal_price`, `start_date`, `start_time`, `end_date`, `end_time`, `shop_id`, `max_qty`) VALUES
(4, 7, 'Potato', '1', '2020-03-14', '06:00:00', '2020-03-28', '18:00:00', 0, 7),
(11, 33, 'Gehu Atta', '11', '2020-03-23', '11:11:00', '2020-03-24', '16:00:00', 0, 5),
(10, 16, 'Mango', '57', '0007-05-05', '05:07:00', '0057-07-05', '05:07:00', 0, 57),
(5, 9, 'Methi', '1', '2020-03-14', '06:00:00', '2020-03-28', '18:00:00', 0, 3),
(6, 8, 'ParaleG', '1', '2020-03-14', '06:00:00', '2020-03-28', '18:00:00', 0, 5),
(7, 10, 'Nirma Soup', '1', '2020-03-14', '06:00:00', '2020-03-28', '18:00:00', 0, 2),
(8, 11, 'Salt', '1', '2020-03-14', '06:00:00', '2020-03-28', '18:00:00', 0, 3),
(12, 40, 'banana', '609', '2020-03-24', '11:09:00', '2020-03-26', '15:47:00', 0, 4),
(13, 20, 'Chaco', '100', '2020-03-06', '00:22:00', '2020-03-31', '16:04:00', 0, 6),
(14, 42, 'Ginger', '20', '2020-03-27', '02:00:00', '2020-03-31', '15:09:00', 0, 8);

-- --------------------------------------------------------

--
-- Table structure for table `deelofday`
--

CREATE TABLE `deelofday` (
  `id` int(11) NOT NULL,
  `product_price` varchar(500) NOT NULL,
  `image_title` varchar(200) NOT NULL,
  `img_url` varchar(200) NOT NULL
) ENGINE=InnoDB DEFAULT CHARSET=latin1;

--
-- Dumping data for table `deelofday`
--

INSERT INTO `deelofday` (`id`, `product_price`, `image_title`, `img_url`) VALUES
(1, '60', 'Surf Excel', 'http://neerajbisht.com/grocery_test/img/deelofday/excel.png'),
(2, '50', 'Detol Hand wash', 'http://neerajbisht.com/grocery_test/img/deelofday/detol_hand_wash.png'),
(3, '35', 'Active Wheel', 'http://neerajbisht.com/grocery_test/img/deelofday/lemon-jasmine-powder.png'),
(4, '48', 'Ghari-Detergent', 'http://neerajbisht.com/grocery_test/img/deelofday/ghari-detergent-powder.png');

-- --------------------------------------------------------

--
-- Table structure for table `delivered_order`
--

CREATE TABLE `delivered_order` (
  `sale_id` int(11) NOT NULL,
  `user_id` int(11) NOT NULL,
  `on_date` date NOT NULL,
  `delivery_time_from` varchar(200) NOT NULL,
  `delivery_time_to` varchar(200) NOT NULL,
  `status` int(11) NOT NULL,
  `note` longtext NOT NULL,
  `is_paid` int(11) NOT NULL,
  `total_amount` double NOT NULL,
  `total_rewards` varchar(200) NOT NULL,
  `total_kg` double NOT NULL,
  `total_items` double NOT NULL,
  `socity_id` int(11) NOT NULL,
  `delivery_address` longtext NOT NULL,
  `location_id` int(11) NOT NULL,
  `delivery_charge` double NOT NULL,
  `new_store_id` varchar(200) NOT NULL DEFAULT '0',
  `assign_to` int(11) NOT NULL DEFAULT '0',
  `payment_method` varchar(200) NOT NULL,
  `total_net_amt` double NOT NULL DEFAULT '0'
) ENGINE=InnoDB DEFAULT CHARSET=utf8;

--
-- Dumping data for table `delivered_order`
--

INSERT INTO `delivered_order` (`sale_id`, `user_id`, `on_date`, `delivery_time_from`, `delivery_time_to`, `status`, `note`, `is_paid`, `total_amount`, `total_rewards`, `total_kg`, `total_items`, `socity_id`, `delivery_address`, `location_id`, `delivery_charge`, `new_store_id`, `assign_to`, `payment_method`, `total_net_amt`) VALUES
(4, 16, '2020-03-21', '', '11:00:00 - 14:00:00', 4, '', 0, 60, '', 0, 0, 968, 'solapur\n, solapur', 166, 30, '1', 0, 'COD', 0),
(6, 16, '2020-03-21', '', '11:00:00 - 14:00:00', 4, '', 0, 120, '', 0, 0, 968, 'solapur\n, solapur', 166, 30, '1', 0, 'COD', 0),
(11, 16, '2020-03-21', '', '11:00:00 - 14:00:00', 4, '', 0, 120, '', 0, 0, 968, 'solapur\n, solapur', 166, 0, '1', 0, 'COD', 0),
(31, 16, '2020-03-23', '', '11:00:00 - 14:00:00', 4, '', 0, 530, '', 0, 0, 968, 'solapur\n, solapur', 166, 30, '1', 0, 'COD', 0),
(34, 1, '2020-03-23', '', '11:00:00 - 14:00:00', 4, '', 0, 60, '', 0, 0, 941, 'gfdgdf\n, gfdgdf', 165, 30, '1', 0, 'COD', 0),
(51, 20, '2020-03-24', '', '11:00:00 - 14:00:00', 4, '', 0, 88, '', 0, 0, 950, 'zjskf sixh\n, zjskf sixh', 168, 30, '1', 0, 'COD', 0),
(57, 21, '2020-03-24', '', '11:00:00 - 14:00:00', 4, '', 0, 57, '', 0, 0, 968, 'dmart\n, dmart', 169, 30, '1', 0, 'COD', 0),
(62, 23, '2020-03-24', '', '11:00:00 - 14:00:00', 4, '', 0, 90, '', 0, 0, 968, 'gff\n, gff', 170, 30, '1', 0, 'COD', 0),
(67, 23, '2020-03-24', '', '11:00:00 - 14:00:00', 4, '', 0, 32, '', 0, 2, 968, 'gff\n, gff', 170, 30, '1', 0, 'COD', 62),
(69, 23, '2020-03-24', '', '11:00:00 - 14:00:00', 4, '', 0, 64, '', 0, 2, 968, 'gff\n, gff', 170, 30, '1', 0, 'COD', 0),
(70, 1, '2020-03-25', '', '11:00:00 - 14:00:00', 4, '', 0, 130, '', 0, 1, 941, 'gfdgdf\n, gfdgdf', 165, 30, '1', 0, 'COD', 0),
(71, 23, '2020-03-24', '', '11:00:00 - 14:00:00', 4, '', 0, 60, '', 0, 1, 968, 'gff\n, gff', 170, 30, '1', 0, 'COD', 90),
(72, 1, '2020-03-28', '', '11:00:00 - 14:00:00', 4, '', 0, 35, '', 0, 1, 941, 'gfdgdf\n, gfdgdf', 165, 30, '1', 0, 'COD', 65),
(73, 24, '2020-03-25', '', '11:00:00 - 14:00:00', 4, '', 0, 90, '', 0, 1, 968, 'Nilam Nagar\n, Nilam Nagar', 171, 30, '1', 0, 'COD', 120),
(74, 24, '2020-03-25', '', '11:00:00 - 14:00:00', 4, '', 0, 34, '', 0, 2, 968, 'Nilam Nagar\n, Nilam Nagar', 171, 30, '1', 0, 'COD', 64),
(76, 25, '2020-03-26', '', '11:00:00 - 14:00:00', 4, '', 0, 615, '', 0, 2, 966, 'jule solapur\n, jule solapur', 172, 30, '1', 0, 'COD', 645),
(77, 25, '2020-03-26', '', '11:00:00 - 14:00:00', 4, '', 0, 401, '', 0, 2, 966, 'jule solapur\n, jule solapur', 172, 0, '1', 0, 'COD', 387),
(78, 26, '2020-03-26', '', '11:00:00 - 14:00:00', 4, '', 0, 1075, '', 0, 3, 957, 'ims\n, ims', 173, 0, '1', 0, 'COD', 1060),
(86, 16, '2020-03-26', '', '11:00 - 14:00', 4, '', 0, 1550, '', 0, 2, 968, 'solapur melody apartment\n, solapur melody apartment', 166, 30, '1', 0, 'COD', 1580),
(99, 16, '2020-03-27', '', '11:00 - 14:00', 4, '', 0, 119, '', 0, 3, 968, 'solapur\n, solapur', 174, 30, '1', 0, 'COD', 89.5),
(100, 16, '2020-03-27', '', '11:00 - 14:00', 4, '', 0, 270, '', 0, 2, 968, 'solapur\n, solapur', 174, 30, '1', 0, 'COD', 280),
(101, 16, '2020-03-27', '', '11:00 - 14:00', 4, '', 0, 448, '', 0, 3, 968, 'solapur\n, solapur', 174, 30, '1', 0, 'COD', 254);

-- --------------------------------------------------------

--
-- Table structure for table `delivery_boy`
--

CREATE TABLE `delivery_boy` (
  `id` int(11) NOT NULL,
  `user_name` varchar(200) NOT NULL,
  `user_email` varchar(200) NOT NULL,
  `user_password` varchar(200) NOT NULL,
  `user_phone` varchar(200) NOT NULL,
  `user_status` varchar(200) NOT NULL
) ENGINE=MyISAM DEFAULT CHARSET=latin1;

--
-- Dumping data for table `delivery_boy`
--

INSERT INTO `delivery_boy` (`id`, `user_name`, `user_email`, `user_password`, `user_phone`, `user_status`) VALUES
(7, 'Saurabh', 'rajugmandal@gmail.com', '6b15822dadec6e84cfb87d38f0e3514b', '456785899', '1'),
(3, 'harimohan', 'hasta@gmail.com', 'hasta', '12345678', '1'),
(8, 'khati', 'deekhati@gmail.com', '123456', '1020304050', '1'),
(6, 'raja', 'raja@gmail.com', '12345', '1234567890', '1'),
(9, 'kekesh', 'hasta@gmail.com', '1122334455', '1234567890', '1');

-- --------------------------------------------------------

--
-- Table structure for table `feature_slider`
--

CREATE TABLE `feature_slider` (
  `id` int(11) NOT NULL,
  `slider_title` varchar(100) NOT NULL,
  `slider_url` varchar(100) NOT NULL,
  `slider_image` varchar(100) NOT NULL,
  `sub_cat` int(200) NOT NULL,
  `slider_status` int(11) NOT NULL,
  `shop_id` int(11) NOT NULL
) ENGINE=InnoDB DEFAULT CHARSET=utf8;

--
-- Dumping data for table `feature_slider`
--

INSERT INTO `feature_slider` (`id`, `slider_title`, `slider_url`, `slider_image`, `sub_cat`, `slider_status`, `shop_id`) VALUES
(22, 'Vegetables', '', 'Wet-Markets-in-Singapore.jpg', 100, 1, 0),
(23, 'Cereals', '', 'cheese-2725235__340.jpg', 105, 1, 0),
(24, 'Fruits', '', 'fruit-932745__340.jpg', 99, 1, 0);

-- --------------------------------------------------------

--
-- Table structure for table `global_setting`
--

CREATE TABLE `global_setting` (
  `globe_setting_id` int(11) NOT NULL,
  `new_user_reg_amt` text NOT NULL,
  `wallet_limit_min` text NOT NULL,
  `wallet_limit_max` text NOT NULL,
  `refer_and_earn` text NOT NULL,
  `delivery_charges` text NOT NULL,
  `deal_max_count` int(11) NOT NULL,
  `shop_id` int(11) NOT NULL,
  `created_date` datetime NOT NULL
) ENGINE=MyISAM DEFAULT CHARSET=latin1;

--
-- Dumping data for table `global_setting`
--

INSERT INTO `global_setting` (`globe_setting_id`, `new_user_reg_amt`, `wallet_limit_min`, `wallet_limit_max`, `refer_and_earn`, `delivery_charges`, `deal_max_count`, `shop_id`, `created_date`) VALUES
(1, '11', '11', '', '11', '11', 0, 0, '2019-03-21 02:26:58'),
(2, '11', '11', '', '11', '12', 0, 0, '2019-03-21 02:27:09'),
(3, '11', '11', '', '11', '0', 0, 0, '2019-03-21 02:32:45'),
(4, '11', '11', '', '11', '0', 0, 0, '2019-03-21 02:32:55'),
(5, '11', '11', '', '11', '10', 0, 0, '2019-03-21 10:58:03'),
(6, '11', '11', '11', '11', '10', 0, 0, '2019-03-22 12:48:32'),
(7, '11', '11', '19', '11', '10', 0, 0, '2019-03-22 12:49:07'),
(8, '11', '11', '19', '11', '10', 0, 0, '2019-03-22 01:11:40'),
(9, '11', '11', '19', '11', '10', 0, 0, '2019-03-22 01:11:43'),
(10, '11', '11', '19', '11', '10', 0, 0, '2019-03-22 01:11:46'),
(11, '11', '11', '19', '11', '10', 0, 0, '2019-03-22 01:11:48'),
(12, '11', '11', '19', '11', '10', 0, 0, '2019-03-22 01:12:26'),
(13, '11', '11', '19', '11', '100', 0, 0, '2019-03-22 01:19:24'),
(14, '11', '1', '1', '11', '11', 0, 1, '2019-03-26 12:00:40'),
(15, '11', '1', '1', '11', '11', 9, 1, '2019-03-26 02:50:53'),
(16, '11', '1', '10', '11', '11', 10, 0, '2019-03-27 04:18:14'),
(17, '101', '1', '10', '11', '11', 10, 0, '2019-03-27 05:19:06'),
(18, '101', '1', '10', '25', '11', 10, 0, '2019-03-27 05:19:46'),
(19, '66', '1', '7', '67', '100', 89, 0, '2019-03-27 05:48:21'),
(20, '100', '1', '7', '35', '8', 89, 0, '2019-03-27 05:49:34'),
(21, '100', '1', '20', '35', '8', 89, 0, '2019-03-29 01:25:28'),
(22, '2', '1', '20', '35', '8', 89, 0, '2019-03-30 01:44:11'),
(23, '2', '1', '20', '35', '8', 50, 0, '2019-04-03 07:24:41'),
(24, '2', '1', '20', '35', '8', 50, 0, '2019-04-09 12:01:02'),
(25, '50', '1', '30', '35', '30', 50, 0, '2019-04-09 12:01:43'),
(26, '50', '1', '30', '35', '30', 10, 0, '2019-04-09 05:38:41'),
(27, '50', '2', '30', '35', '30', 10, 0, '2020-01-03 11:55:42'),
(28, '50', '2', '30', '35', '30', 10, 0, '2020-03-18 02:14:09'),
(29, '50', '2', '30', '35', '30', 500, 0, '2020-03-26 08:22:59'),
(30, '50', '2', '30', '35', '30', 500, 0, '2020-04-21 11:49:22'),
(31, '50', '2', '30', '35', '30', 500, 0, '2020-04-27 01:26:56');

-- --------------------------------------------------------

--
-- Table structure for table `header_categories`
--

CREATE TABLE `header_categories` (
  `id` int(40) NOT NULL,
  `title` varchar(200) NOT NULL,
  `slug` varchar(200) NOT NULL,
  `parent` int(50) NOT NULL,
  `leval` int(50) NOT NULL,
  `description` longtext NOT NULL,
  `image` varchar(200) NOT NULL,
  `status` varchar(100) NOT NULL
) ENGINE=InnoDB DEFAULT CHARSET=utf8;

--
-- Dumping data for table `header_categories`
--

INSERT INTO `header_categories` (`id`, `title`, `slug`, `parent`, `leval`, `description`, `image`, `status`) VALUES
(1, 'Beverages', 'beverages', 0, 0, '', 'Beverages.png', '1'),
(2, 'Breakfast', 'breakfast', 0, 0, '', 'Breakfast_Dairy.png', '1'),
(3, 'Fruits & Vegetables', 'fruits-vegetables', 0, 0, '', 'Fruits_vegetables.png', '1'),
(4, 'Home Furnishing', 'home-furnishing', 0, 0, '', 'Home_furnishing.png', '1'),
(5, 'Household Needs', 'household-needs', 0, 0, '', 'Household_Needs.png', '1'),
(6, 'Icecream', 'icecream', 0, 0, '', 'icecream.png', '1'),
(7, 'Kitchenware', 'kitchenware', 0, 0, '', 'Kitchenware.png', '1'),
(8, 'Frozen Foods', 'frozen-foods', 0, 0, '', 'Noodles,_Sauses_Instant_Food.png', '1'),
(9, 'Personal Care', 'personal-care', 0, 0, '', 'Personal_Care.png', '1'),
(10, 'Snacks', 'snacks', 0, 0, '', 'Snacks.png', '1'),
(11, 'Breakfast', 'breakfast', 0, 0, '', 'Breakfast_Dairy1.png', '1'),
(102, 'MyDrinks', 'mydrinks', 1, 1, '', '', '1'),
(103, 'SOFT DRINKS', 'soft-drinks', 1, 1, '', '', '1'),
(105, 'BREAD', 'bread', 2, 1, '', '', '1'),
(10000, 'CAT1', 'cat1', 3, 1, '', '', '1'),
(10001, 'CAT2', 'cat2', 3, 1, '', '', '1'),
(10002, 'CAT3', 'cat3', 3, 1, '', '', '1'),
(10003, 'Home Furnishing', 'home-furnishing', 4, 1, '', '', '1'),
(10004, 'HouseHold Needs', 'household-needs', 5, 1, '', '', '1');

-- --------------------------------------------------------

--
-- Table structure for table `header_products`
--

CREATE TABLE `header_products` (
  `product_id` int(11) NOT NULL,
  `product_name` varchar(200) NOT NULL,
  `product_description` longtext NOT NULL,
  `product_image` varchar(200) NOT NULL,
  `category_id` int(11) NOT NULL,
  `in_stock` int(11) NOT NULL,
  `price` double NOT NULL,
  `unit_value` double NOT NULL,
  `unit` varchar(10) NOT NULL,
  `increament` double NOT NULL,
  `rewards` varchar(200) NOT NULL
) ENGINE=InnoDB DEFAULT CHARSET=utf8;

--
-- Dumping data for table `header_products`
--

INSERT INTO `header_products` (`product_id`, `product_name`, `product_description`, `product_image`, `category_id`, `in_stock`, `price`, `unit_value`, `unit`, `increament`, `rewards`) VALUES
(100005, 'Tester3', 'This is test products', '', 104, 1, 45, 1, 'kg', 0, '45');

-- --------------------------------------------------------

--
-- Table structure for table `icons`
--

CREATE TABLE `icons` (
  `id` int(255) NOT NULL,
  `service` varchar(500) NOT NULL,
  `image_name` varchar(500) NOT NULL
) ENGINE=MyISAM DEFAULT CHARSET=latin1;

--
-- Dumping data for table `icons`
--

INSERT INTO `icons` (`id`, `service`, `image_name`) VALUES
(1, 'Beverages', 'http://neerajbisht.com/grocery_test/img/icon/Beverages.png'),
(2, 'Breakfast Dairy', 'http://neerajbisht.com/grocery_test/img/icon/Breakfast_Dairy.png'),
(3, 'Fruits & Vegetables', 'http://neerajbisht.com/grocery_test/img/icon/Fruits_vegetables.png'),
(4, 'Home Furnishing', 'http://neerajbisht.com/grocery_test/img/icon/Home_furnishing.png'),
(5, 'Household Needs', 'http://neerajbisht.com/grocery_test/img/icon/Household_Needs.png'),
(6, 'Icecream', 'http://neerajbisht.com/grocery_test/img/icon/icecream.png'),
(7, 'Kitchenware', 'http://neerajbisht.com/grocery_test/img/icon/Kitchenware.png'),
(8, 'Frozen Foods', 'http://neerajbisht.com/grocery_test/img/icon/Seafood.png'),
(9, 'Instant Food', 'http://neerajbisht.com/grocery_test/img/icon/Instant_Food.png'),
(10, 'Personal Care', 'http://neerajbisht.com/grocery_test/img/icon/Personal_Care.png'),
(11, 'Snacks', 'http://neerajbisht.com/grocery_test/img/icon/Snacks.png'),
(12, 'Breakfast Dairy', 'http://neerajbisht.com/grocery_test/img/icon/Breakfast_Dairy.png');

-- --------------------------------------------------------

--
-- Table structure for table `pageapp`
--

CREATE TABLE `pageapp` (
  `id` int(11) NOT NULL,
  `pg_title` varchar(200) NOT NULL,
  `pg_slug` varchar(100) NOT NULL,
  `pg_descri` longtext NOT NULL,
  `pg_status` int(50) NOT NULL,
  `pg_foot` int(50) NOT NULL,
  `shop_id` int(11) NOT NULL,
  `crated_date` timestamp NOT NULL DEFAULT CURRENT_TIMESTAMP ON UPDATE CURRENT_TIMESTAMP
) ENGINE=MyISAM DEFAULT CHARSET=utf8;

--
-- Dumping data for table `pageapp`
--

INSERT INTO `pageapp` (`id`, `pg_title`, `pg_slug`, `pg_descri`, `pg_status`, `pg_foot`, `shop_id`, `crated_date`) VALUES
(1, 'Contact Us', 'contact-us', '<p><strong>Company Address :</strong>&nbsp;Shop No.4, 2nd floor, Mandrichandak Icon Saatrasta, Solapur-413001.</p>\r\n\r\n<p><strong>Phone No. :</strong>&nbsp;+91-7517970971</p>\r\n\r\n<p><strong>Mail us at :</strong>&nbsp;&nbsp;<a href=\"http://www.surfcity.in/#\">contact@surfcity.in</a></p>\r\n\r\n<p>&nbsp;</p>', 0, 0, 0, '2019-03-28 04:46:37'),
(2, 'About Us', 'about-us', '<h1><a name=\"what\">What is surfcity.com</a></h1>\r\n\r\n<p>Surfcity.com (Innovative Retail Concepts Private Limited) is India&rsquo;s largest online food and grocery store. With over 18,000 products and over a 1000 brands in our catalogue you will find everything you are looking for. Right from fresh Fruits and Vegetables, Rice and Dals, Spices and Seasonings to Packaged products, Beverages, Personal care products, Meats &ndash; we have it all.<br />\r\nChoose from a wide range of options in every category, exclusively handpicked to help you find the best quality available at the lowest prices. Select a time slot for delivery and your order will be delivered right to your doorstep, anywhere.</p>\r\n\r\n<p>You can pay online using your debit / credit card or by cash on delivery.<br />\r\nWe guarantee on time delivery, and the best quality! You can pay online using your debit / credit card or by cash on delivery.<br />\r\nWe guarantee on time delivery, and the best quality!</p>', 0, 0, 1, '2019-03-28 04:39:58'),
(3, 'Terms and conditions', 'terms-and-conditions', '<p>This document is an electronic record in terms of Information Technology Act, 2000 and rules there under as applicable and the amended provisions pertaining to electronic records in various statutes as amended by the Information Technology Act, 2000. This document is published in accordance with the provisions of Rule 3 (1) of the Information Technology (Intermediaries guidelines) Rules, 2011 that require publishing the rules and regulations, privacy policy and Terms of Use for access or usage of www.surfcity.in website and Surfcity application for mobile and handheld devices.</p>\r\n\r\n<p><strong>Terms Of Use&nbsp;</strong></p>\r\n\r\n<p>These terms of use (the &ldquo; Terms of Use&rdquo;) govern your use of our website www.surfcity.in (the &ldquo; Website&rdquo;) and our &ldquo;Surfcity&rdquo; application for mobile and handheld devices (the &ldquo; App&rdquo;). The Website and the App are jointly referred to as the &ldquo; Platform&rdquo;. Please read these Terms of Use carefully before you use the services. If you do not agree to these Terms of Use, you may not use the services on the Platform, and we request you to uninstall the App. By installing, downloading or even merely using the Platform, you shall be contracting with Surfcity and you signify your acceptance to the Terms of Use and other Surfcity policies (including but not limited to the Cancellation &amp; Refund Policy, Privacy Policy and Take Down Policy) as posted on the Platform from time to time, which takes effect on the date on which you download, install or use the Services, and create a legally binding arrangement to abide by the same. II. The Platform is operated and owned by SURFCITY, a company incorporated under the Companies Act, 1956 and having its registered office at No. 1333 limayawadi solapur 413001. For the purpose of these Terms of Use, wherever the context so requires, &rdquo;you&rdquo; shall mean any natural or legal person who has agreed to become a buyer or customer on the Platform by providing Registration Data while registering on the Platform as a registered user using any computer systems. The terms &ldquo;Surfcity&rdquo;, &ldquo;we&rdquo;, &ldquo;us&rdquo; or &ldquo;our&rdquo; shall mean SURFCITY. III. Surfcity enables transactions between participant restaurants/merchants and buyers, dealing in prepared food and beverages (&ldquo; Platform Services&rdquo;). The buyers (&ldquo;Buyer/s&rdquo;) can choose and place orders (&ldquo; Orders&rdquo;) from variety of products listed and offered for sale by various neighbourhood merchants including but not limited to the restaurants and eateries (&ldquo; Merchant/s&rdquo;), on the Platform and Surfcity enables delivery of such orders at select localities of serviceable cities across India (&ldquo; Delivery Services&rdquo;). The Platform Services and Delivery Services are collectively referred to as &ldquo; Services&rdquo;. IV.</p>\r\n\r\n<p><strong>AMENDMENTS </strong></p>\r\n\r\n<p>These Terms of Use are subject to modifications at any time. We reserve the right to modify or change these Terms of Use and other Surfcity policies at any time by posting changes on the Platform, and you shall be liable to update yourself of such changes, if any, by accessing the changes on the Platform. You shall, at all times, be responsible for regularly reviewing the Terms of Use and the other Surfcity policies and note the changes made on the Platform. Your continued usage of the services after any change is posted constitutes your acceptance of the amended Terms of Use and other Surfcity policies. As long as you comply with these Terms of Use, Surfcity grants you a personal, non-exclusive, non-transferable, limited privilege to access, enter, and use the Platform. By accepting these Terms of Use, you also accept and agree to be bound by the other terms and conditions and Surfcity policies (including but not limited to Cancellation &amp; Refund Policy, Privacy Policy and Notice and Take Down Policy) as may be posted on the Platform from</p>\r\n\r\n<p>&nbsp;</p>\r\n\r\n<p>&nbsp;</p>\r\n\r\n<p>&nbsp;</p>\r\n\r\n<p>&nbsp;</p>', 0, 0, 0, '2019-03-28 04:48:44');

-- --------------------------------------------------------

--
-- Table structure for table `pincode`
--

CREATE TABLE `pincode` (
  `pincode` int(11) NOT NULL
) ENGINE=MyISAM DEFAULT CHARSET=utf8;

--
-- Dumping data for table `pincode`
--

INSERT INTO `pincode` (`pincode`) VALUES
(360004),
(360005),
(360001),
(360002),
(360003);

-- --------------------------------------------------------

--
-- Table structure for table `products`
--

CREATE TABLE `products` (
  `product_id` int(11) NOT NULL,
  `product_name` varchar(200) NOT NULL,
  `product_description` longtext NOT NULL,
  `product_image` varchar(200) NOT NULL,
  `category_id` int(11) NOT NULL,
  `in_stock` int(11) NOT NULL,
  `MRP` double NOT NULL,
  `price` double NOT NULL,
  `surfcity_price` double NOT NULL,
  `subscription_price` double NOT NULL,
  `cashback` double NOT NULL,
  `unit_value` double NOT NULL,
  `unit` varchar(10) NOT NULL,
  `increament` double NOT NULL,
  `rewards` varchar(200) NOT NULL DEFAULT '1',
  `shop_id` int(11) NOT NULL,
  `top_selling` int(11) NOT NULL,
  `offer_product` int(11) NOT NULL
) ENGINE=InnoDB DEFAULT CHARSET=utf8;

--
-- Dumping data for table `products`
--

INSERT INTO `products` (`product_id`, `product_name`, `product_description`, `product_image`, `category_id`, `in_stock`, `MRP`, `price`, `surfcity_price`, `subscription_price`, `cashback`, `unit_value`, `unit`, `increament`, `rewards`, `shop_id`, `top_selling`, `offer_product`) VALUES
(1, 'Apple', 'Apple', 'apple1.png', 115, 1, 0, 100, 80, 75, 1, 1, 'KG', 0, '1', 0, 0, 0),
(2, '1', 'hello', '71.jpg', 70, 1, 0, 10, 8, 10, 1, 2, 'KG', 0, '3', 0, 0, 0),
(3, 'test', '123', '91.jpg', 84, 1, 0, 10, 10, 8, 1, 1, 'KG', 0, '1', 2, 0, 0),
(6, 'Potato', 'ghfghdfghfghf', '620842_poster_l.jpg', 116, 1, 0, 20, 5, 2, 5, 1, 'KG', 0, '1', 0, 0, 0),
(7, 'Potato', 'Potato', 'potato.jpg', 116, 1, 0, 10, 8, 6, 2, 1, 'KG', 0, '1', 0, 0, 0),
(8, 'ParaleG', 'ParaleG', 'parle-glucose-biscuit-500x500.jpg', 71, 1, 0, 5, 4, 3, 1, 1, 'QTY', 0, '1', 0, 0, 0),
(9, 'Methi', 'Methi', 'fresh-methi-500x500.png', 116, 1, 0, 10, 8, 6, 2, 1, 'QTY', 0, '1', 0, 0, 0),
(10, 'Nirma Soup', 'Nirma Soup', 'nirma-detergent-cake-500x500.jpg', 129, 1, 0, 10, 9, 8, 1, 1, 'Qty', 0, '1', 0, 0, 0),
(11, 'Salt', 'Salt', 'salt.jpg', 121, 1, 0, 12, 10, 9, 1, 500, 'g', 0, '1', 0, 0, 0),
(12, 'acb', 'acb', '', 120, 1, 0, 1, 1, 1, 1, 1, '1kg', 0, '1', 0, 1, 0),
(13, 'gold biscuit', 'biscuit', '', 71, 0, 0, 30, 30, 30, 30, 30, '1', 0, '1', 1, 0, 0),
(14, 'Sun flower', '', '2mb.jpg', 115, 1, 0, 30, 30, 30, 30, 30, '1', 0, '1', 0, 0, 0),
(15, 'apple', 'abb', '', 115, 0, 0, 10, 60, 20, 20, 90, '3', 0, '1', 3, 1, 1),
(17, 'park chocolate', '                                                ', '', 71, 1, 0, 10, 10, 10, 10, 0, '1kg', 0, '1', 0, 0, 0),
(18, 'test', '', 'breakfast.jpg', 120, 1, 0, 30, 10, 5, 1, 10, 'kg', 0, '1', 8, 0, 0),
(19, 'test', '', '', 119, 1, 0, 70, 50, 30, 2, 1, 'kg', 0, '1', 8, 0, 0),
(20, 'Chaco', 'test', '', 141, 1, 0, 50, 40, 10, 1, 10, 'kg', 0, '1', 0, 1, 0),
(21, 'cheese test', '', '', 141, 1, 0, 40, 50, 60, 1, 1, 'kg', 0, '1', 0, 1, 0),
(22, 'sve', '', '', 119, 1, 0, 60, 100, 100, 200, 1, '5kg', 0, '1', 1, 0, 0),
(23, 'joshi', 'abc', '', 116, 1, 0, 10, 10, 10, 10, 1, '10kg', 0, '1', 0, 1, 0),
(24, 'daily', '', '', 124, 1, 0, 500, 600, 300, 5, 1, '1', 0, '1', 0, 1, 0),
(25, 'teddsdfsfsf', '', '', 145, 1, 0, 55, 353, 35, 2, 2, 'kg', 0, '1', 0, 1, 0),
(26, 'dgv', '', '', 134, 1, 0, 40, 57, 57, 0, 1, 'bag', 0, '1', 0, 0, 0),
(28, 'qwe', '', '', 117, 1, 0, 12, 34, 34, 31, 1, '1', 0, '1', 0, 0, 0),
(29, 'www', '', '', 139, 1, 0, 12, 12, 12, 12, 1, '1', 0, '1', 0, 0, 0),
(30, 'choko lava', '', 'htmlbg.jpg', 71, 1, 0, 10, 10, 20, 5, 1, '1', 0, '1', 2, 1, 0),
(31, 'ok', '', '', 124, 1, 0, 10, 3, 90, 500, 1, '1', 0, '1', 3, 0, 0),
(32, 'abc123', '', '', 120, 0, 0, 12, 13, 56, 3, 7, '1', 0, '1', 3, 0, 0),
(33, 'Gehu Atta', 'atta is white color.', 'images_(1).jpg', 117, 1, 0, 50, 30, 40, 1, 4, 'kg', 0, '1', 0, 1, 0),
(36, 'testrtrt', 'dgdg', 'images_(1)1.jpg', 118, 0, 0, 3, 50, 10, 2, 1, 'kg', 0, '1', 3, 1, 0),
(37, 'oilsss', 'xc', 'images_(3).jpg', 120, 1, 0, 10, 5, 15, 1, 6, 'kg', 0, '1', 0, 0, 1),
(38, 'testttgfgf', '', 'images_(3)1.jpg', 118, 0, 0, 40, 50, 60, 3, 5, 'kg', 0, '1', 0, 1, 0),
(39, 'SwapTest', '', 'squarequick_202035222753892.jpg', 117, 1, 0, 3, 2, 1, 0, 5, 'Kg', 0, '1', 0, 0, 0),
(40, 'banana', '', 'download1.jpg', 124, 1, 0, 100, 50, 30, 5, 10, 'kg', 0, '1', 0, 1, 0),
(41, 'GArlic', '', 'download2.jpg', 118, 1, 0, 60, 50, 10, 1, 10, 'kg', 0, '1', 0, 1, 0),
(42, 'Ginger', '', 'download3.jpg', 117, 1, 0, 40, 50, 20, 10, 15, 'kg', 0, '1', 2, 0, 1),
(43, 'SwapTest', 'Hhjjj', '1582453902756.jpg', 117, 1, 0, 50, 40, 30, 0, 50, 'Kg', 0, '1', 1, 0, 0),
(44, 'SwapTest', '', '1583426657884.jpg', 151, 1, 0, 50, 40, 30, 0, 100, 'Kg', 0, '1', 14, 0, 0),
(45, 'we', '', '', 137, 1, 0, 10, 20, 10, 20, 1, '1', 0, '1', 1, 1, 0);

-- --------------------------------------------------------

--
-- Table structure for table `purchase`
--

CREATE TABLE `purchase` (
  `purchase_id` int(11) NOT NULL,
  `product_id` int(11) NOT NULL,
  `price` double DEFAULT NULL,
  `qty` double NOT NULL,
  `unit` varchar(100) NOT NULL,
  `date` timestamp NOT NULL DEFAULT CURRENT_TIMESTAMP,
  `total_price` double NOT NULL DEFAULT '0',
  `store` varchar(200) NOT NULL,
  `store_id_login` varchar(200) NOT NULL
) ENGINE=InnoDB DEFAULT CHARSET=utf8;

--
-- Dumping data for table `purchase`
--

INSERT INTO `purchase` (`purchase_id`, `product_id`, `price`, `qty`, `unit`, `date`, `total_price`, `store`, `store_id_login`) VALUES
(1, 1, 1, 59, 'KG', '2020-03-12 10:45:16', 839, '1', '1'),
(2, 3, 9, 0, 'KG', '2020-03-12 11:30:50', 130, '1', '1'),
(3, 5, 1, 94, 'QTY', '2020-03-13 14:58:45', 100, '1', '1'),
(4, 8, 1, 3, 'qty', '2020-03-16 09:14:00', 50, '1', '1'),
(5, 10, 1, 6, 'qty', '2020-03-16 09:16:35', 50, '1', '1'),
(6, 12, 0, 0, '1kg', '2020-03-16 09:46:53', 0, '1', '1'),
(7, 14, 0, 0, '1', '2020-03-16 10:16:56', 0, '1', '1'),
(8, 17, 1, 2, '1kg', '2020-03-16 11:00:48', 2, '1', '1'),
(9, 20, 10, 18, 'kg', '2020-03-17 08:12:45', 800, '1', '1'),
(10, 21, 19, 0, 'kg', '2020-03-17 08:27:06', 95, '1', '1'),
(11, 23, 0, 0, '10kg', '2020-03-17 08:55:55', 0, '1', '1'),
(12, 24, 10, 0, '1', '2020-03-17 09:27:56', 10, '1', '1'),
(13, 25, 0, 19, 'kg', '2020-03-17 10:37:26', 34, '1', '1'),
(14, 26, 0, 0, 'bag', '2020-03-17 10:46:00', 0, '1', '1'),
(15, 27, 0, 0, '1', '2020-03-17 12:56:00', 0, '1', '1'),
(16, 28, 0, 0, '1', '2020-03-17 13:28:41', 0, '1', '1'),
(17, 29, 8, 0, '1', '2020-03-18 13:39:08', 72, '1', '1'),
(18, 33, 4, -12, 'kg', '2020-03-21 09:43:26', 70, '1', '1'),
(19, 35, 0, 0, 'QTY', '2020-03-21 10:04:40', 0, '1', '1'),
(20, 37, 3, 0, 'kg', '2020-03-23 05:29:04', 12, '1', '1'),
(21, 38, 3, 3, 'kg', '2020-03-23 07:46:31', 9, '1', '1'),
(22, 39, 50, 100, 'Kg', '2020-03-23 14:18:59', 5130, '1', '1'),
(23, 40, 2, 4, 'kg', '2020-03-26 09:06:42', 18, '1', '1'),
(24, 41, 30, 15, 'kg', '2020-03-26 13:10:57', 571, '1', '1');

-- --------------------------------------------------------

--
-- Table structure for table `registers`
--

CREATE TABLE `registers` (
  `user_id` bigint(20) NOT NULL,
  `user_phone` varchar(15) NOT NULL,
  `user_fullname` varchar(100) NOT NULL,
  `user_email` varchar(255) NOT NULL,
  `user_password` varchar(255) NOT NULL,
  `user_image` varchar(255) NOT NULL,
  `pincode` int(11) NOT NULL,
  `socity_id` int(11) NOT NULL,
  `house_no` longtext NOT NULL,
  `mobile_verified` int(11) NOT NULL,
  `user_fcm_code` longtext NOT NULL,
  `user_ios_token` longtext NOT NULL,
  `varified_token` varchar(255) NOT NULL,
  `status` int(11) NOT NULL,
  `reg_code` int(6) NOT NULL,
  `wallet` int(11) NOT NULL,
  `rewards` int(11) NOT NULL DEFAULT '0',
  `from_referral_code` varchar(255) NOT NULL,
  `referral_code` varchar(255) NOT NULL,
  `globe_setting_id` int(11) NOT NULL
) ENGINE=InnoDB DEFAULT CHARSET=utf8;

--
-- Dumping data for table `registers`
--

INSERT INTO `registers` (`user_id`, `user_phone`, `user_fullname`, `user_email`, `user_password`, `user_image`, `pincode`, `socity_id`, `house_no`, `mobile_verified`, `user_fcm_code`, `user_ios_token`, `varified_token`, `status`, `reg_code`, `wallet`, `rewards`, `from_referral_code`, `referral_code`, `globe_setting_id`) VALUES
(1, '9503441942', 'Swapnil Vibhute', 'swapnil.adjinfotech@gmail.com', 'e10adc3949ba59abbe56e057f20f883e', '', 0, 0, '', 0, 'djwmPailPJU:APA91bHLrG-gEfs8CR9n76lv_6dYMnvz0SDDKFSVvd5dVbaCOa4MPyiCHLoMVTq9RTuXwoJqlaV8nuVdLQtQXek_TlpynVFH6K7t1PI-WORjyu33cqoMBRvIa1Lytly4OnwIyExdPZsP', '', '', 1, 0, 114, 0, '', '543120', 27),
(2, '9503441341', 'Swapnil', 'swapnil.adjinfotech1@gmail.com', 'e10adc3949ba59abbe56e057f20f883e', '', 0, 0, '', 0, 'dpyurABBa2Q:APA91bFzypF2V1v5ij6BN4UwI30PV2fnNq4inIGjFkSM5j3x7F0xhXUeWnHysxdd9dDShCMxrOLXbi6nJB27VeaHNeAfV-RMsIX-s8yc39JrzLa2KGgVrAJmcgWZfNpXP7sVbeaZM6R5', '', '', 1, 0, 50, 0, '', '246266', 27),
(3, '8888219099', 'Swap', 'ramesh.makos12@gmail.com', 'c442e808532f2e5053cad0916edb9f45', '', 0, 0, '', 0, 'cQXUGU4ta1A:APA91bGhEWiAOU0jxtatYpN9Weco4_9yOgIK45nSXGO0OEvioBVewI4dKstIaCCTR2zbyONf7K1T2kLbNbsRobemOGSAsxYQkgf-uICXfxeQm1-oZ3Ddb2FIeSrzN1ru_SqAMelmleUK', '', '', 1, 0, 30, 0, '', '747164', 27),
(4, '9158568391', 'Nihal', 'nihalmohite647@gmail.com', 'e10adc3949ba59abbe56e057f20f883e', '', 0, 0, '', 0, 'fZGBVRRjQm4:APA91bE5XH-QDkaB9kr3i8U7_raQiAfSQj24I5uuuiO9nFxElDH4HDf42LGi8EdWdOyBhZ-Xt6kYn6WCt4fjAmZ2FpBiNNqnZvetcnbhZRSLd6mbN_ykHLmVIr8kzx0H9xWYW9YNJj8j', '', '', 1, 0, 111, 0, '', '989295', 27),
(5, '9800000000', 'hjj', 'vhj@gmail.com', 'c442e808532f2e5053cad0916edb9f45', '', 0, 0, '', 0, 'd5cxiGPAzrM:APA91bEpcz7I3JCJBM3m0ntYStOq9H2he-eQEfShTiNGNSu8lbTK4td_3DzLD5Af5ThIeBZUZ37srqomQ0dQb2ANLkQoHu8yzwKk0SNSb9C9iGQz7epP6u6Gkc114wJBOMNyp94b99HI', '', '', 1, 0, 56, 0, '', '583637', 27),
(6, '9561545300', 'ajinkya joshi', 'joshiajinkya12@gmail.com', '519f2852196f752152e35bcbd9947cdd', '', 0, 0, '', 0, 'dHZCRo65wcI:APA91bGf6aEAKajvnCySnJMQfRTmyJTGgcZLYG7gdPmfO8Z8tvbgSpASGbfgjfu3dWiG5-kd30W08_oqAIb49lK0vZvBkOwHMrd7uvPZKtwekBqDY9wAHRvO31hkuB8uUClyRT6eDIYr', '', '', 1, 0, 50, 0, '', '196895', 28),
(7, '9975866507', 'mm', 'joshiajinkya12@gmail.compppp', '530331002462dc9bb7c4c3e82ca78c6e', '', 0, 0, '', 0, 'dHZCRo65wcI:APA91bGf6aEAKajvnCySnJMQfRTmyJTGgcZLYG7gdPmfO8Z8tvbgSpASGbfgjfu3dWiG5-kd30W08_oqAIb49lK0vZvBkOwHMrd7uvPZKtwekBqDY9wAHRvO31hkuB8uUClyRT6eDIYr', '', '', 1, 0, 50, 0, '', '628506', 28),
(8, '7559219212', 'abhishek', 'ajinkya.adjit@gmail.com', '80e623565ebe5bd95bac7657fdb74e97', '', 0, 0, '', 0, 'dHZCRo65wcI:APA91bGf6aEAKajvnCySnJMQfRTmyJTGgcZLYG7gdPmfO8Z8tvbgSpASGbfgjfu3dWiG5-kd30W08_oqAIb49lK0vZvBkOwHMrd7uvPZKtwekBqDY9wAHRvO31hkuB8uUClyRT6eDIYr', '', '', 1, 0, 50, 0, '', '470536', 28),
(9, '9423778858', 'abc', 'samadhan.makos@gmail.in', 'c7c04ee94975ab4fe021faf3ee0a386b', '', 0, 0, '', 0, 'dHZCRo65wcI:APA91bGf6aEAKajvnCySnJMQfRTmyJTGgcZLYG7gdPmfO8Z8tvbgSpASGbfgjfu3dWiG5-kd30W08_oqAIb49lK0vZvBkOwHMrd7uvPZKtwekBqDY9wAHRvO31hkuB8uUClyRT6eDIYr', '', '', 1, 0, 50, 0, '', '436075', 28),
(10, '2222222222', 'ret', 'ajinkya12joshi@gmail.ppppp', 'f229bacb030b6e7ac6c074a61132ed17', '', 0, 0, '', 0, 'dHZCRo65wcI:APA91bGf6aEAKajvnCySnJMQfRTmyJTGgcZLYG7gdPmfO8Z8tvbgSpASGbfgjfu3dWiG5-kd30W08_oqAIb49lK0vZvBkOwHMrd7uvPZKtwekBqDY9wAHRvO31hkuB8uUClyRT6eDIYr', '', '', 1, 0, 50, 0, '', '313278', 28),
(11, '0000000000', 'hhh', 'vedant.adjit@gmail.com', 'eb1564988c423e8069a4efdd00c0985b', '', 0, 0, '', 0, 'dHZCRo65wcI:APA91bGf6aEAKajvnCySnJMQfRTmyJTGgcZLYG7gdPmfO8Z8tvbgSpASGbfgjfu3dWiG5-kd30W08_oqAIb49lK0vZvBkOwHMrd7uvPZKtwekBqDY9wAHRvO31hkuB8uUClyRT6eDIYr', '', '', 1, 0, 50, 0, '', '374132', 28),
(12, '3333333333', 'di', 'f@gmail.com', '51855b666f03f25a7214eeaab919a892', '', 0, 0, '', 0, 'dHZCRo65wcI:APA91bGf6aEAKajvnCySnJMQfRTmyJTGgcZLYG7gdPmfO8Z8tvbgSpASGbfgjfu3dWiG5-kd30W08_oqAIb49lK0vZvBkOwHMrd7uvPZKtwekBqDY9wAHRvO31hkuB8uUClyRT6eDIYr', '', '', 1, 0, 50, 0, '', '323798', 28),
(13, '8888888888', 'ajinkya123', 'google@gmail.com', '6b2b30943da5d4fc4e6e28c27a525b72', '', 0, 0, '', 0, 'dHZCRo65wcI:APA91bGf6aEAKajvnCySnJMQfRTmyJTGgcZLYG7gdPmfO8Z8tvbgSpASGbfgjfu3dWiG5-kd30W08_oqAIb49lK0vZvBkOwHMrd7uvPZKtwekBqDY9wAHRvO31hkuB8uUClyRT6eDIYr', '', '', 1, 0, 50, 0, '', '633258', 28),
(14, '5555555555', 'joshiajinkya12@gmail.com', 'yahoo@gmail.com', '96245a8bc6ac485d29b04273028f50d5', '', 0, 0, '', 0, 'dHZCRo65wcI:APA91bGf6aEAKajvnCySnJMQfRTmyJTGgcZLYG7gdPmfO8Z8tvbgSpASGbfgjfu3dWiG5-kd30W08_oqAIb49lK0vZvBkOwHMrd7uvPZKtwekBqDY9wAHRvO31hkuB8uUClyRT6eDIYr', '', '', 1, 0, 50, 0, '', '691111', 28),
(16, '9000000001', 'riaan nikam', 'ashwini.makos@gmail.com', 'c442e808532f2e5053cad0916edb9f45', '', 0, 0, '', 0, 'd__bCPbGHPU:APA91bH_JXMRRobbI8NPslA93A8r76cO3juolBfZ9y13bgDC8fzzwZQBe3Ntu3UDy7YifClP3x4rpW6ppaXIRlObBzdQm6sNOC3-u7enNFZ7wJ1Try8UXROkU6mE83xEHRtf5PfjMWCf', '', '', 1, 0, 166, 0, '', '436181', 28),
(17, '8888219099', 'Ramesh Gurram', 'ramesh.makos1@gmail.com', 'e10adc3949ba59abbe56e057f20f883e', '', 0, 0, '', 0, '123', '', '', 1, 0, 50, 0, '', '167714', 28),
(18, '8888219095', 'Ramesh', 'ramesh.makos@gmail.com', 'fcea920f7412b5da7be0cf42b8c93759', '', 0, 0, '', 0, 'cn0vcXsrjtY:APA91bGdFRNv68ZMtbb5X6p0x5iBxqCafwgxLLWKM0yIYuEEmYrPZmPm7D8NPEQZZfAUn7-iKf2xmKOgM2Qaa67hOnUAdZskS15kNeF5WYDjyntlRiyyliLZQmemy-tgmpwDn0t15bp-', '', '', 1, 0, 50, 0, '', '522130', 28),
(19, '8378860093', 'swap', 'srvibhuteak47@gmail.com', '25d55ad283aa400af464c76d713c07ad', '', 0, 0, '', 0, 'e1FsUd18s3c:APA91bHBUzbYgARx51uW29aNOmRPDDs6IRA0Wg3X3jmDhms0Sta83GfLNpOqaaEAIFt5yjZmtCGnC9cbcT-JHEAxE3dQQ4NESrFND06S3KvApBCy8fScyyC5jJdpNUtwdR-ENhyx4Vwj', '', '', 1, 0, 50, 0, '', '302517', 28),
(20, '8149448850', 'nil', '2017wavexito@gmail.com', 'fcea920f7412b5da7be0cf42b8c93759', '', 0, 0, '', 0, 'fZGBVRRjQm4:APA91bE5XH-QDkaB9kr3i8U7_raQiAfSQj24I5uuuiO9nFxElDH4HDf42LGi8EdWdOyBhZ-Xt6kYn6WCt4fjAmZ2FpBiNNqnZvetcnbhZRSLd6mbN_ykHLmVIr8kzx0H9xWYW9YNJj8j', '', '', 1, 0, 95, 0, '', '125995', 28),
(21, '9898989898', 'aditi chavan', 'ash@gmail.com', 'c442e808532f2e5053cad0916edb9f45', '', 0, 0, '', 0, 'f2z_w6-ZNT0:APA91bHtk60L2o9I2_1Rktxwf9YFBWdbzmcRtwOyIrP92TihAfMIpgXagO6Y5JLE4X5H3toqLb8bj0252IuKE5Rwzyg7UndIM5-pFH_J4Wczo_5Zkrd5FB5i5DpNZeAscyA3yOuRLqJ4', '', '', 1, 0, 255, 0, '436181', '686360', 28),
(24, '9326165968', 'xyz', 'rameshgurram943@gmail.com', 'fcea920f7412b5da7be0cf42b8c93759', '', 0, 0, '', 0, 'dNtKk2Hutvg:APA91bERmZ0JjNrUjZphH2wicBUHndEs4H-8uDPJZN6vCS4BpqM6l90JbA8AzWSBUm-ELbRoV1gY6Rld6NMUZYM1Q6wGKwNikVccVDb9vHlKMKkNOip9Wxbgc1WbbSTxYE6g-EqB2_nL', '', '', 1, 0, 100, 0, '686360', '200324084826', 28),
(25, '8585858585', 'atharv', 'as@gmail.com.com', 'c442e808532f2e5053cad0916edb9f45', '', 0, 0, '', 0, 'f2z_w6-ZNT0:APA91bHtk60L2o9I2_1Rktxwf9YFBWdbzmcRtwOyIrP92TihAfMIpgXagO6Y5JLE4X5H3toqLb8bj0252IuKE5Rwzyg7UndIM5-pFH_J4Wczo_5Zkrd5FB5i5DpNZeAscyA3yOuRLqJ4', '', '', 1, 0, 70, 0, '436181', '200326113759', 28),
(26, '2525252525', 'sdfg', 'ash@67899.com', 'c442e808532f2e5053cad0916edb9f45', '', 0, 0, '', 0, 'd__bCPbGHPU:APA91bH_JXMRRobbI8NPslA93A8r76cO3juolBfZ9y13bgDC8fzzwZQBe3Ntu3UDy7YifClP3x4rpW6ppaXIRlObBzdQm6sNOC3-u7enNFZ7wJ1Try8UXROkU6mE83xEHRtf5PfjMWCf', '', '', 1, 0, 69, 0, '436181', '200326115701', 28),
(27, '0217260616', 'ajinkya joshi', 'ajinkya12joshi@gmail.com', '1a81a0cb7e373cf17827b2fccc57a99b', '', 0, 0, '', 0, 'dHZCRo65wcI:APA91bGf6aEAKajvnCySnJMQfRTmyJTGgcZLYG7gdPmfO8Z8tvbgSpASGbfgjfu3dWiG5-kd30W08_oqAIb49lK0vZvBkOwHMrd7uvPZKtwekBqDY9wAHRvO31hkuB8uUClyRT6eDIYr', '', '', 1, 0, 0, 0, '', '200413035326', 29),
(28, '7777777777', 'abc', 'joshiajinkya12@gmail.kk', 'cb33197c37d6292cb7e3c23c107d93fd', '', 0, 0, '', 0, 'dHZCRo65wcI:APA91bGf6aEAKajvnCySnJMQfRTmyJTGgcZLYG7gdPmfO8Z8tvbgSpASGbfgjfu3dWiG5-kd30W08_oqAIb49lK0vZvBkOwHMrd7uvPZKtwekBqDY9wAHRvO31hkuB8uUClyRT6eDIYr', '', '', 1, 0, 0, 0, '', '200415101924', 29);

-- --------------------------------------------------------

--
-- Table structure for table `rewards`
--

CREATE TABLE `rewards` (
  `id` int(200) NOT NULL,
  `point` varchar(200) NOT NULL
) ENGINE=MyISAM DEFAULT CHARSET=latin1;

--
-- Dumping data for table `rewards`
--

INSERT INTO `rewards` (`id`, `point`) VALUES
(1, '6');

-- --------------------------------------------------------

--
-- Table structure for table `sale`
--

CREATE TABLE `sale` (
  `sale_id` int(11) NOT NULL,
  `order_id` varchar(255) DEFAULT NULL,
  `user_id` bigint(20) NOT NULL,
  `on_date` date NOT NULL,
  `delivery_time_from` varchar(200) NOT NULL,
  `delivery_time_to` varchar(200) NOT NULL,
  `status` int(11) NOT NULL,
  `note` longtext NOT NULL,
  `is_paid` int(11) NOT NULL,
  `total_amount` double NOT NULL,
  `total_net_amt` double NOT NULL,
  `coupon_amount` double NOT NULL,
  `coupons_id` int(11) NOT NULL,
  `wallet_amount` double NOT NULL,
  `cash_back` double NOT NULL,
  `total_rewards` varchar(200) NOT NULL,
  `total_kg` double NOT NULL,
  `total_items` double NOT NULL,
  `socity_id` int(11) NOT NULL,
  `delivery_address` longtext NOT NULL,
  `location_id` int(11) NOT NULL,
  `delivery_charge` double NOT NULL,
  `new_store_id` varchar(200) DEFAULT '0',
  `assign_to` varchar(50) NOT NULL DEFAULT '0',
  `payment_method` varchar(200) NOT NULL,
  `txn_id` varchar(255) DEFAULT NULL
) ENGINE=InnoDB DEFAULT CHARSET=utf8;

--
-- Dumping data for table `sale`
--

INSERT INTO `sale` (`sale_id`, `order_id`, `user_id`, `on_date`, `delivery_time_from`, `delivery_time_to`, `status`, `note`, `is_paid`, `total_amount`, `total_net_amt`, `coupon_amount`, `coupons_id`, `wallet_amount`, `cash_back`, `total_rewards`, `total_kg`, `total_items`, `socity_id`, `delivery_address`, `location_id`, `delivery_charge`, `new_store_id`, `assign_to`, `payment_method`, `txn_id`) VALUES
(1, NULL, 1, '2020-03-19', '', '11:00:00 - 14:00:00', 3, '', 0, 90, 90, 0, 0, 0, 0, '', 0, 0, 934, 'sdfgsdfdsaafdsaafdd\n, sdfgsdfdsaafdsaafdd', 158, 0, '1', '0', 'COD', NULL),
(2, NULL, 1, '2020-03-20', '', '11:00:00 - 14:00:00', 3, '', 0, 100, 100, 0, 0, 0, 0, '', 0, 0, 958, 'gfdgdf\n, gfdgdf', 165, 0, '1', '0', 'COD', NULL),
(3, NULL, 1, '2020-03-20', '', '11:00:00 - 14:00:00', 3, '', 0, 230, 260, 0, 0, 0, 32, '', 0, 0, 941, 'gfdgdf\n, gfdgdf', 165, 30, '1', '0', 'COD', NULL),
(4, NULL, 16, '2020-03-21', '', '11:00:00 - 14:00:00', 3, '', 0, 60, 80, 10, 0, 5, 10, '', 0, 0, 968, 'solapur\n, solapur', 166, 30, '1', '0', 'COD', NULL),
(5, NULL, 16, '2020-03-21', '', '11:00:00 - 14:00:00', 3, '', 0, 180, 200, 10, 0, 0, 15, '', 0, 0, 968, 'solapur\n, solapur', 166, 30, '1', '0', 'COD', NULL),
(6, NULL, 16, '2020-03-21', '', '11:00:00 - 14:00:00', 4, '', 0, 120, 120, 10, 0, 20, 15, '', 0, 0, 968, 'solapur\n, solapur', 166, 30, '1', '0', 'COD', NULL),
(7, NULL, 16, '2020-03-21', '', '11:00:00 - 14:00:00', 3, '', 0, 90, 85, 10, 0, 25, 15, '', 0, 0, 968, 'solapur\n, solapur', 166, 30, '1', '0', 'COD', NULL),
(8, NULL, 16, '2020-03-21', '', '11:00:00 - 14:00:00', 2, '', 0, 120, 120, 0, 0, 0, 1, '', 0, 0, 968, 'solapur\n, solapur', 166, 0, '1', '0', 'COD', NULL),
(9, NULL, 16, '2020-03-21', '', '11:00:00 - 14:00:00', 2, '', 0, 120, 120, 0, 0, 0, 1, '', 0, 0, 968, 'solapur\n, solapur', 166, 0, '1', '0', 'COD', NULL),
(10, NULL, 16, '2020-03-21', '', '11:00:00 - 14:00:00', 3, '', 0, 160, 160, 0, 0, 0, 1, '', 0, 0, 968, 'solapur\n, solapur', 166, 0, '1', '0', 'null', NULL),
(11, NULL, 16, '2020-03-21', '', '11:00:00 - 14:00:00', 4, '', 0, 120, 120, 0, 0, 0, 1, '', 0, 0, 968, 'solapur\n, solapur', 166, 0, '1', '0', 'COD', NULL),
(12, NULL, 16, '2020-03-21', '', '11:00:00 - 14:00:00', 3, '', 0, 160, 160, 0, 0, 0, 1, '', 0, 0, 968, 'solapur\n, solapur', 166, 0, '1', '0', 'Online Payment', NULL),
(13, NULL, 4, '2020-03-22', '', '11:00:00 - 14:00:00', 1, '', 0, 195, 195, 10, 0, 5, 7, '', 0, 0, 934, 'limayewadi\n, limayewadi', 152, 50, '1', '0', 'COD', NULL),
(14, NULL, 1, '2020-03-22', '', '11:00:00 - 14:00:00', 3, '', 0, 90, 120, 0, 0, 0, 2, '', 0, 0, 941, 'gfdgdf\n, gfdgdf', 165, 30, '1', '0', 'COD', NULL),
(15, NULL, 1, '2020-03-23', '', '11:00:00 - 14:00:00', 3, '', 0, 51, 51, 0, 0, 0, 2, '', 0, 0, 941, 'gfdgdf\n, gfdgdf', 165, 0, '1', '0', 'null', NULL),
(16, NULL, 1, '2020-03-23', '', '11:00:00 - 14:00:00', 3, '', 0, 70, 70, 0, 0, 0, 2, '', 0, 0, 941, 'gfdgdf\n, gfdgdf', 165, 0, '1', '0', 'COD', NULL),
(17, NULL, 1, '2020-03-23', '', '11:00:00 - 14:00:00', 3, '', 0, 70, 70, 0, 0, 0, 2, '', 0, 0, 941, 'gfdgdf\n, gfdgdf', 165, 0, '1', '0', 'COD', NULL),
(18, NULL, 1, '2020-03-23', '', '11:00:00 - 14:00:00', 3, '', 0, 70, 70, 0, 0, 0, 2, '', 0, 0, 941, 'gfdgdf\n, gfdgdf', 165, 0, '1', '0', 'COD', NULL),
(19, NULL, 16, '2020-03-23', '', '11:00:00 - 14:00:00', 1, '', 0, 150, 130, 20, 0, 0, 10, '', 0, 0, 968, 'solapur\n, solapur', 166, 0, '1', '0', 'COD', NULL),
(20, NULL, 1, '2020-03-23', '', '11:00:00 - 14:00:00', 3, '', 0, 70, 70, 0, 0, 0, 2, '', 0, 0, 941, 'gfdgdf\n, gfdgdf', 165, 0, '1', '0', 'COD', NULL),
(21, NULL, 1, '2020-03-23', '', '11:00:00 - 14:00:00', 3, '', 0, 70, 70, 0, 0, 0, 2, '', 0, 0, 941, 'gfdgdf\n, gfdgdf', 165, 0, '1', '0', 'COD', NULL),
(22, NULL, 1, '2020-03-23', '', '11:00:00 - 14:00:00', 3, '', 0, 70, 70, 0, 0, 0, 2, '', 0, 0, 941, 'gfdgdf\n, gfdgdf', 165, 0, '1', '0', 'COD', NULL),
(23, NULL, 1, '2020-03-23', '', '11:00:00 - 14:00:00', 3, '', 0, 70, 70, 0, 0, 0, 2, '', 0, 0, 941, 'gfdgdf\n, gfdgdf', 165, 0, '1', '0', 'COD', NULL),
(24, NULL, 1, '2020-03-23', '', '11:00:00 - 14:00:00', 3, '', 0, 70, 70, 0, 0, 0, 2, '', 0, 0, 941, 'gfdgdf\n, gfdgdf', 165, 0, '1', '0', 'COD', NULL),
(25, NULL, 1, '2020-03-23', '', '11:00:00 - 14:00:00', 3, '', 0, 70, 70, 0, 0, 0, 2, '', 0, 0, 941, 'gfdgdf\n, gfdgdf', 165, 0, '1', '0', 'COD', NULL),
(26, NULL, 1, '2020-03-23', '', '11:00:00 - 14:00:00', 3, '', 0, 50, 50, 0, 0, 0, 1, '', 0, 0, 941, 'gfdgdf\n, gfdgdf', 165, 0, '1', '0', 'COD', NULL),
(27, NULL, 1, '2020-03-23', '', '11:00:00 - 14:00:00', 1, '', 0, 60, 60, 0, 0, 0, 30, '', 0, 0, 941, 'gfdgdf\n, gfdgdf', 165, 0, '1', '0', 'COD', NULL),
(28, NULL, 16, '2020-03-23', '', '11:00:00 - 14:00:00', 3, '', 0, 80, 110, 0, 0, 0, 1, '', 0, 0, 968, 'solapur\n, solapur', 166, 30, '1', '0', 'COD', NULL),
(29, NULL, 16, '2020-03-23', '', '11:00:00 - 14:00:00', 0, '', 0, 500, 530, 0, 0, 0, 2, '', 0, 0, 968, 'solapur\n, solapur', 166, 30, '1', '0', 'Online Payment', NULL),
(30, NULL, 16, '2020-03-23', '', '11:00:00 - 14:00:00', 0, '', 0, 500, 530, 0, 0, 0, 2, '', 0, 0, 968, 'solapur\n, solapur', 166, 30, '1', '0', 'Online Payment', NULL),
(31, NULL, 16, '2020-03-23', '', '11:00:00 - 14:00:00', 4, '', 0, 500, 530, 0, 0, 0, 2, '', 0, 0, 968, 'solapur\n, solapur', 166, 30, '1', '0', 'COD', NULL),
(32, NULL, 16, '2020-03-23', '', '11:00:00 - 14:00:00', 3, '', 0, 209, 239, 0, 0, 0, 3, '', 0, 0, 968, 'solapur\n, solapur', 166, 30, '1', '0', 'COD', NULL),
(33, NULL, 16, '2020-03-23', '', '11:00:00 - 14:00:00', 3, '', 0, 380, 410, 0, 0, 0, 0, '', 0, 0, 968, 'solapur\n, solapur', 166, 30, '1', '0', 'COD', NULL),
(34, NULL, 1, '2020-03-23', '', '11:00:00 - 14:00:00', 4, '', 0, 30, 60, 0, 0, 0, 1, '', 0, 0, 941, 'gfdgdf\n, gfdgdf', 165, 30, '1', '0', 'COD', NULL),
(35, NULL, 1, '2020-03-23', '', '11:00:00 - 14:00:00', 3, '', 0, 200, 230, 0, 0, 0, 1, '', 0, 0, 941, 'gfdgdf\n, gfdgdf', 165, 30, '1', '0', 'COD', NULL),
(36, NULL, 1, '2020-03-23', '', '11:00:00 - 14:00:00', 3, '', 0, 60, 90, 0, 0, 0, 1, '', 0, 0, 941, 'gfdgdf\n, gfdgdf', 165, 30, '1', '0', 'COD', NULL),
(37, NULL, 4, '2020-03-23', '', '11:00:00 - 14:00:00', 0, '', 0, 60, 56, 2, 0, 2, 1, '', 0, 0, 934, 'limayewadi\n, limayewadi', 152, 0, '1', '0', 'Online Payment', NULL),
(38, NULL, 4, '2020-03-23', '', '11:00:00 - 14:00:00', 0, '', 0, 60, 56, 2, 0, 2, 1, '', 0, 0, 934, 'limayewadi\n, limayewadi', 152, 0, '1', '0', 'Online Payment', NULL),
(39, NULL, 16, '2020-03-24', '', '11:00:00 - 14:00:00', 1, '', 0, 141, 171, 0, 0, 0, 0, '', 0, 0, 968, 'solapur\n, solapur', 166, 30, '1', '0', 'COD', NULL),
(40, NULL, 16, '2020-03-24', '', '11:00:00 - 14:00:00', 3, '', 0, 64, 82, 0, 0, 12, 0, '', 0, 0, 968, 'solapur\n, solapur', 166, 30, '1', '0', 'COD', NULL),
(41, NULL, 16, '2020-03-24', '', '11:00:00 - 14:00:00', 3, '', 0, 666, 690, 0, 0, 6, 0, '', 0, 0, 968, 'solapur\n, solapur', 166, 30, '1', '0', 'COD', NULL),
(42, NULL, 1, '2020-03-24', '', '11:00:00 - 14:00:00', 0, '', 0, 21, 51, 0, 0, 0, 3, '', 0, 0, 941, 'gfdgdf\n, gfdgdf', 165, 30, '1', '0', 'COD', NULL),
(43, NULL, 18, '2020-03-24', '', '11:00:00 - 14:00:00', 0, '', 0, 636, 666, 0, 0, 0, 0, '', 0, 0, 968, 'Nilam nagar\n, Nilam nagar', 167, 30, '1', '0', 'COD', NULL),
(44, NULL, 18, '2020-03-24', '', '11:00:00 - 14:00:00', 0, '', 0, 70, 100, 0, 0, 0, 0, '', 0, 0, 968, 'Nilam nagar\n, Nilam nagar', 167, 30, '1', '0', 'COD', NULL),
(45, NULL, 16, '2020-03-24', '', '11:00:00 - 14:00:00', 0, '', 0, 260, 242, 10, 0, 8, 12, '', 0, 0, 968, 'solapur\n, solapur', 166, 0, '1', '0', 'COD', NULL),
(46, NULL, 16, '2020-03-24', '', '11:00:00 - 14:00:00', 0, '', 0, 156, 156, 0, 0, 0, 1, '', 0, 0, 968, 'solapur\n, solapur', 166, 0, '1', '0', 'COD', NULL),
(47, NULL, 16, '2020-03-24', '', '11:00:00 - 14:00:00', 0, '', 0, 403, 403, 0, 0, 0, 1, '', 0, 0, 968, 'solapur\n, solapur', 166, 0, '1', '0', 'COD', NULL),
(48, NULL, 18, '2020-03-24', '', '11:00:00 - 14:00:00', 0, '', 0, 30, 60, 0, 0, 0, 0, '', 0, 0, 968, 'Nilam nagar\n, Nilam nagar', 167, 30, '1', '0', 'COD', NULL),
(49, NULL, 18, '2020-03-24', '', '11:00:00 - 14:00:00', 0, '', 0, 30, 60, 0, 0, 0, 0, '', 0, 0, 968, 'Nilam nagar\n, Nilam nagar', 167, 30, '1', '0', 'COD', NULL),
(50, NULL, 18, '2020-03-24', '', '11:00:00 - 14:00:00', 0, '', 0, 34, 64, 0, 0, 0, 0, '', 0, 0, 968, 'Nilam nagar\n, Nilam nagar', 167, 30, '1', '0', 'COD', NULL),
(51, NULL, 20, '2020-03-24', '', '11:00:00 - 14:00:00', 4, '', 0, 120, 88, 60, 0, 2, 51, '', 0, 0, 950, 'zjskf sixh\n, zjskf sixh', 168, 30, '1', '0', 'COD', NULL),
(52, NULL, 16, '2020-03-24', '', '11:00:00 - 14:00:00', 0, '', 0, 248, 226, 10, 0, 12, 13, '', 0, 0, 968, 'solapur\n, solapur', 166, 0, '1', '0', 'COD', NULL),
(53, NULL, 16, '2020-03-24', '', '11:00:00 - 14:00:00', 0, '', 0, 81, 81, 0, 0, 0, 1, '', 0, 0, 968, 'solapur\n, solapur', 166, 0, '1', '0', 'COD', NULL),
(54, NULL, 16, '2020-03-24', '', '11:00:00 - 14:00:00', 0, '', 0, 87, 87, 0, 0, 0, 1, '', 0, 0, 968, 'solapur\n, solapur', 166, 0, '1', '0', 'COD', NULL),
(55, NULL, 16, '2020-03-24', '', '11:00:00 - 14:00:00', 0, '', 0, 74, 74, 0, 0, 0, 1, '', 0, 0, 968, 'solapur melody apartment\n, solapur melody apartment', 166, 0, '1', '0', 'Online Payment', NULL),
(56, NULL, 18, '2020-03-24', '', '11:00:00 - 14:00:00', 0, '', 0, 90, 87, 3, 55, 0, 1, '', 0, 0, 968, 'Nilam nagar\n, Nilam nagar', 167, 0, '1', '0', 'COD', NULL),
(57, NULL, 21, '2020-03-24', '', '11:00:00 - 14:00:00', 4, '', 0, 27, 57, 0, 0, 0, 0, '', 0, 0, 968, 'dmart\n, dmart', 169, 30, '1', '0', 'COD', NULL),
(58, NULL, 1, '2020-03-24', '', '11:00:00 - 14:00:00', 0, '', 0, 60, 58, 2, 0, 0, 2, '', 0, 0, 941, 'gfdgdf\n, gfdgdf', 165, 0, '1', '0', 'COD', NULL),
(59, NULL, 21, '2020-03-24', '', '11:00:00 - 14:00:00', 2, '', 0, 150, 146, 4, 56, 0, 30, '', 0, 0, 968, 'dmart\n, dmart', 169, 0, '1', '0', 'COD', NULL),
(60, NULL, 16, '2020-03-24', '', '11:00:00 - 14:00:00', 2, '', 0, 111, 107, 4, 56, 0, 32, '', 0, 0, 968, 'solapur melody apartment\n, solapur melody apartment', 166, 0, '1', '0', 'COD', NULL),
(61, NULL, 21, '2020-03-24', '', '11:00:00 - 14:00:00', 3, '', 0, 308, 194, 100, 54, 14, 0, '', 0, 0, 968, 'dmart\n, dmart', 169, 0, '1', '0', 'COD', NULL),
(62, NULL, 23, '2020-03-24', '', '11:00:00 - 14:00:00', 4, '', 0, 60, 90, 0, 0, 0, 0, '', 0, 0, 968, 'gff\n, gff', 170, 30, '1', '0', 'COD', NULL),
(63, NULL, 1, '2020-03-27', '', '11:00:00 - 14:00:00', 0, '', 0, 20, 50, 0, 0, 0, 1, '', 0, 0, 941, 'gfdgdf\n, gfdgdf', 165, 30, '1', '0', 'COD', NULL),
(64, NULL, 23, '2020-03-24', '', '11:00:00 - 14:00:00', 0, '', 0, 32, 62, 0, 0, 0, 0, '', 0, 0, 968, 'gff\n, gff', 170, 30, '1', '0', 'COD', NULL),
(65, NULL, 23, '2020-03-24', '', '11:00:00 - 14:00:00', 0, '', 0, 32, 62, 0, 0, 0, 0, '', 0, 0, 968, 'gff\n, gff', 170, 30, '1', '0', 'COD', NULL),
(66, NULL, 23, '2020-03-24', '', '11:00:00 - 14:00:00', 0, '', 0, 32, 62, 0, 0, 0, 0, '', 0, 0, 968, 'gff\n, gff', 170, 30, '1', '0', 'COD', NULL),
(67, NULL, 23, '2020-03-24', '', '11:00:00 - 14:00:00', 4, '', 0, 32, 62, 0, 0, 0, 0, '', 0, 2, 968, 'gff\n, gff', 170, 30, '1', '0', 'COD', NULL),
(68, NULL, 1, '2020-03-27', '', '11:00:00 - 14:00:00', 2, '', 0, 50, 80, 0, 0, 0, 1, '', 0, 1, 941, 'gfdgdf\n, gfdgdf', 165, 30, '1', '0', 'COD', NULL),
(69, NULL, 23, '2020-03-24', '', '11:00:00 - 14:00:00', 4, '', 0, 34, 64, 0, 0, 0, 0, '', 0, 2, 968, 'gff\n, gff', 170, 30, '1', '0', 'COD', NULL),
(70, NULL, 1, '2020-03-25', '', '11:00:00 - 14:00:00', 4, '', 0, 100, 130, 0, 0, 0, 1, '', 0, 1, 941, 'gfdgdf\n, gfdgdf', 165, 30, '1', '0', 'COD', NULL),
(71, NULL, 23, '2020-03-24', '', '11:00:00 - 14:00:00', 4, '', 0, 60, 90, 0, 0, 0, 0, '', 0, 1, 968, 'gff\n, gff', 170, 30, '1', '0', 'COD', NULL),
(72, NULL, 1, '2020-03-28', '', '11:00:00 - 14:00:00', 4, '', 0, 35, 65, 0, 0, 0, 2, '', 0, 1, 941, 'gfdgdf\n, gfdgdf', 165, 30, '1', '0', 'COD', NULL),
(74, NULL, 24, '2020-03-25', '', '11:00:00 - 14:00:00', 4, '', 0, 34, 64, 0, 0, 0, 0, '', 0, 2, 968, 'Nilam Nagar\n, Nilam Nagar', 171, 30, '1', '0', 'COD', NULL),
(75, NULL, 16, '2020-03-26', '', '11:00:00 - 14:00:00', 0, '', 0, 619, 608, 3, 55, 8, 1, '', 0, 3, 968, 'solapur melody apartment\n, solapur melody apartment', 166, 0, '1', '0', 'COD', NULL),
(76, NULL, 25, '2020-03-26', '', '11:00:00 - 14:00:00', 4, '', 0, 615, 645, 0, 0, 0, 0, '', 0, 2, 966, 'jule solapur\n, jule solapur', 172, 30, '1', '0', 'COD', NULL),
(77, NULL, 25, '2020-03-26', '', '11:00:00 - 14:00:00', 4, '', 0, 401, 387, 4, 56, 10, 30, '', 0, 2, 966, 'jule solapur\n, jule solapur', 172, 0, '1', '0', 'COD', NULL),
(78, NULL, 26, '2020-03-26', '', '11:00:00 - 14:00:00', 4, '', 0, 1075, 1060, 4, 56, 11, 30, '', 0, 3, 957, 'ims\n, ims', 173, 0, '1', '0', 'COD', NULL),
(79, NULL, 16, '2020-03-29', '', '11:00:00 - 14:00:00', 3, '', 0, 241, 215, 10, 52, 16, 10, '', 0, 3, 968, 'solapur melody apartment\n, solapur melody apartment', 166, 0, '1', '0', 'COD', NULL),
(80, NULL, 16, '2020-03-29', '', '11:00:00 - 14:00:00', 2, '', 0, 400, 379, 10, 57, 11, 2, '', 0, 1, 968, 'solapur melody apartment\n, solapur melody apartment', 166, 0, '1', '0', 'COD', NULL),
(81, NULL, 16, '2020-03-26', '', '11:00:00 - 14:00:00', 0, '', 0, 2436, 2466, 0, 0, 0, 0, '', 0, 1, 968, 'solapur melody apartment\n, solapur melody apartment', 166, 30, '1', '0', 'COD', NULL),
(82, NULL, 1, '2020-03-29', '', '11:00 - 14:00', 0, '', 0, 24, 54, 0, 0, 0, 12, '', 0, 1, 941, 'gfdgdf\n, gfdgdf', 165, 30, '1', '0', 'COD', NULL),
(83, NULL, 1, '2020-03-31', '', '11:00 - 14:00', 0, '', 0, 79, 109, 0, 0, 0, 6, '', 0, 3, 941, 'gfdgdf\n, gfdgdf', 165, 30, '1', '0', 'Online Payment', NULL),
(84, NULL, 16, '2020-03-26', '', '11:00 - 14:00', 0, '', 0, 350, 380, 0, 0, 0, 0, '', 0, 1, 968, 'solapur melody apartment\n, solapur melody apartment', 166, 30, '1', '0', 'COD', NULL),
(85, NULL, 26, '2020-03-26', '', '11:00 - 14:00', 0, '', 0, 102, 132, 0, 0, 0, 0, '', 0, 2, 957, 'ims\n, ims', 173, 30, '1', '0', 'COD', NULL),
(86, NULL, 16, '2020-03-26', '', '11:00 - 14:00', 4, '', 0, 1550, 1580, 0, 0, 0, 0, '', 0, 2, 968, 'solapur melody apartment\n, solapur melody apartment', 166, 30, '1', '0', 'COD', NULL),
(87, NULL, 1, '2020-03-31', '', '11:00 - 14:00', 1, '', 0, 24, 54, 0, 0, 0, 12, '', 0, 1, 941, 'gfdgdf\n, gfdgdf', 165, 30, '1', '0', 'COD', NULL),
(88, NULL, 1, '2020-03-26', '', '11:00 - 14:00', 1, '', 0, 202, 232, 0, 0, 0, 1, '', 0, 2, 941, 'gfdgdf\n, gfdgdf', 165, 30, '1', '0', 'COD', NULL),
(89, NULL, 16, '2020-03-26', '', '11:00 - 14:00', 0, '', 0, 900, 930, 0, 0, 0, 0, '', 0, 1, 968, 'solapur melody apartment\n, solapur melody apartment', 166, 30, '1', '0', 'COD', NULL),
(90, NULL, 16, '2020-03-26', '', '11:00 - 14:00', 0, '', 0, 64, 94, 0, 0, 0, 0, '', 0, 2, 968, 'solapur melody apartment\n, solapur melody apartment', 166, 30, '1', '0', 'COD', NULL),
(91, NULL, 1, '2020-03-26', '', '11:00 - 14:00', 0, '', 0, 200, 230, 0, 0, 0, 1, '', 0, 1, 941, 'gfdgdf\n, gfdgdf', 165, 30, '1', '0', 'COD', NULL),
(92, NULL, 1, '2020-03-26', '', '11:00 - 14:00', 0, '', 0, 100, 130, 0, 0, 0, 1, '', 0, 1, 941, 'gfdgdf\n, gfdgdf', 165, 30, '1', '0', 'COD', NULL),
(93, NULL, 1, '2020-03-26', '', '11:00 - 14:00', 0, '', 0, 20, 50, 0, 0, 0, 1, '', 0, 1, 941, 'gfdgdf\n, gfdgdf', 165, 30, '1', '0', 'COD', NULL),
(94, NULL, 20, '2020-03-27', '', '11:00 - 14:00', 3, '', 0, 244, 234, 10, 57, 0, 2, '', 0, 2, 950, 'zjskf sixh\n, zjskf sixh', 168, 0, '1', '0', 'COD', NULL),
(95, NULL, 16, '2020-03-27', '', '11:00 - 14:00', 0, '', 0, 454, 434, 50, 58, 0, 5, '', 0, 3, 968, 'solapur\n, solapur', 174, 30, '1', '0', 'COD', NULL),
(96, NULL, 24, '2020-01-01', '', '10:00:00 - 14:00:00', 0, '', 0, 0, 0, 0, 0, 0, 0, '', 0, 0, 934, 'asdf\n, asdf', 151, 0, '1', '0', 'COD', NULL),
(97, NULL, 24, '2020-01-01', '', '10:00:00 - 14:00:00', 0, '', 0, 0, 0, 0, 0, 0, 0, '', 0, 0, 934, 'asdf\n, asdf', 151, 0, '1', '0', 'COD', NULL),
(98, NULL, 24, '2020-01-01', '', '10:00:00 - 14:00:00', 0, '', 0, 0, 0, 0, 0, 0, 0, '', 0, 0, 934, 'asdf\n, asdf', 151, 0, '1', '0', 'COD', NULL),
(99, NULL, 16, '2020-03-27', '', '11:00 - 14:00', 4, '', 0, 119, 89.5, 59.5, 58, 0, 5.95, '', 0, 3, 968, 'solapur\n, solapur', 174, 30, '1', '0', 'COD', NULL),
(100, NULL, 16, '2020-03-27', '', '11:00 - 14:00', 4, '', 0, 270, 280, 20, 59, 0, 8, '', 0, 2, 968, 'solapur\n, solapur', 174, 30, '1', '0', 'COD', NULL),
(101, NULL, 16, '2020-03-27', '', '11:00 - 14:00', 4, '', 0, 448, 254, 224, 58, 0, 22.4, '', 0, 3, 968, 'solapur\n, solapur', 174, 30, '1', '0', 'COD', NULL),
(102, NULL, 16, '2020-03-27', '', '11:00 - 14:00', 3, '', 0, 200, 230, 0, 0, 0, 0, '', 0, 1, 968, 'solapur\n, solapur', 174, 30, '1', '0', 'COD', NULL),
(103, NULL, 24, '2020-03-28', '', '11:00 - 14:00', 3, '', 0, 150, 180, 0, 0, 0, 0, '', 0, 1, 968, 'Nilam Nagar\n, Nilam Nagar', 171, 30, '1', '0', 'COD', NULL),
(104, NULL, 24, '2020-03-27', '', '11:00 - 14:00', 3, '', 0, 100, 130, 0, 0, 0, 0, '', 0, 1, 968, 'Nilam Nagar\n, Nilam Nagar', 171, 30, '1', '0', 'COD', NULL),
(105, NULL, 24, '2020-03-27', '', '11:00 - 14:00', 3, '', 0, 50, 80, 0, 0, 0, 0, '', 0, 1, 968, 'Nilam Nagar\n, Nilam Nagar', 171, 30, '1', '0', 'COD', NULL),
(106, NULL, 24, '2020-03-27', '', '11:00 - 14:00', 3, '', 0, 50, 80, 0, 0, 0, 0, '', 0, 1, 968, 'Nilam Nagar\n, Nilam Nagar', 171, 30, '1', '0', 'COD', NULL),
(107, NULL, 16, '2020-03-28', '', '11:00 - 14:00', 3, '', 0, 600, 630, 0, 0, 0, 0, '', 0, 1, 968, 'solapur\n, solapur', 174, 30, '1', '0', 'COD', NULL),
(108, NULL, 16, '2020-03-28', '', '11:00 - 14:00', 3, '', 0, 300, 330, 0, 0, 0, 0, '', 0, 2, 968, 'solapur\n, solapur', 174, 30, '1', '0', 'COD', NULL);

-- --------------------------------------------------------

--
-- Table structure for table `sale_items`
--

CREATE TABLE `sale_items` (
  `sale_item_id` int(11) NOT NULL,
  `sale_id` int(11) NOT NULL,
  `product_id` int(11) NOT NULL,
  `product_name` varchar(250) DEFAULT NULL,
  `qty` double NOT NULL,
  `unit` enum('gram','kg','nos') NOT NULL,
  `unit_value` double DEFAULT NULL,
  `price` double NOT NULL,
  `qty_in_kg` double NOT NULL DEFAULT '0',
  `rewards` varchar(200) NOT NULL DEFAULT '0'
) ENGINE=InnoDB DEFAULT CHARSET=utf8;

--
-- Dumping data for table `sale_items`
--

INSERT INTO `sale_items` (`sale_item_id`, `sale_id`, `product_id`, `product_name`, `qty`, `unit`, `unit_value`, `price`, `qty_in_kg`, `rewards`) VALUES
(1, 1, 1, 'cheese test', 1, 'kg', NULL, 60, 0, '0'),
(2, 1, 3, 'Chaco', 3, 'kg', NULL, 30, 0, '0'),
(3, 2, 1, 'cheese test', 1, 'kg', NULL, 60, 0, '0'),
(4, 2, 4, 'Chaco', 4, 'kg', NULL, 40, 0, '0'),
(5, 3, 2, 'gold biscuit', 2, 'gram', NULL, 60, 0, '0'),
(6, 3, 1, 'cheese test', 1, 'kg', NULL, 50, 0, '0'),
(7, 3, 3, 'Chaco', 3, 'kg', NULL, 120, 0, '0'),
(8, 4, 2, 'gold biscuit', 2, 'gram', NULL, 60, 0, '0'),
(9, 5, 6, 'gold biscuit', 6, 'gram', NULL, 180, 0, '0'),
(10, 6, 4, 'gold biscuit', 4, 'gram', NULL, 120, 0, '0'),
(11, 7, 3, 'gold biscuit', 3, 'gram', NULL, 90, 0, '0'),
(12, 8, 3, 'Gehu Atta', 3, 'kg', NULL, 120, 0, '0'),
(13, 9, 3, 'Gehu Atta', 3, 'kg', NULL, 120, 0, '0'),
(14, 10, 4, 'Gehu Atta', 4, 'kg', NULL, 160, 0, '0'),
(15, 11, 3, 'Gehu Atta', 3, 'kg', NULL, 120, 0, '0'),
(16, 12, 5, 'Gehu Atta', 5, 'kg', NULL, 200, 0, '0'),
(17, 13, 33, NULL, 7, 'gram', NULL, 280, 0, '0'),
(18, 14, 1, 'cheese test', 1, 'kg', NULL, 50, 0, '0'),
(19, 14, 1, 'Chaco', 1, 'kg', NULL, 40, 0, '0'),
(20, 15, 5, 'Chaco', 5, 'kg', NULL, 50, 0, '0'),
(21, 15, 1, 'ParaleG', 1, '', NULL, 1, 0, '0'),
(22, 16, 1, 'Chaco', 1, 'kg', NULL, 10, 0, '0'),
(23, 16, 1, 'cheese test', 1, 'kg', NULL, 60, 0, '0'),
(24, 17, 1, 'Chaco', 1, 'kg', NULL, 10, 0, '0'),
(25, 17, 1, 'cheese test', 1, 'kg', NULL, 60, 0, '0'),
(26, 18, 1, 'Chaco', 1, 'kg', NULL, 10, 0, '0'),
(27, 18, 1, 'cheese test', 1, 'kg', NULL, 60, 0, '0'),
(28, 19, 5, 'Gehu Atta', 5, 'kg', NULL, 150, 0, '0'),
(29, 20, 1, 'Chaco', 1, 'kg', NULL, 10, 0, '0'),
(30, 20, 1, 'cheese test', 1, 'kg', NULL, 60, 0, '0'),
(31, 21, 1, 'Chaco', 1, 'kg', NULL, 10, 0, '0'),
(32, 21, 1, 'cheese test', 1, 'kg', NULL, 60, 0, '0'),
(33, 22, 1, 'Chaco', 1, 'kg', NULL, 10, 0, '0'),
(34, 22, 1, 'cheese test', 1, 'kg', NULL, 60, 0, '0'),
(35, 23, 1, 'Chaco', 1, 'kg', NULL, 10, 0, '0'),
(36, 23, 1, 'cheese test', 1, 'kg', NULL, 60, 0, '0'),
(37, 24, 1, 'Chaco', 1, 'kg', NULL, 10, 0, '0'),
(38, 24, 1, 'cheese test', 1, 'kg', NULL, 60, 0, '0'),
(39, 25, 1, 'Chaco', 1, 'kg', NULL, 10, 0, '0'),
(40, 25, 1, 'cheese test', 1, 'kg', NULL, 60, 0, '0'),
(41, 26, 5, 'Chaco', 5, 'kg', NULL, 50, 0, '0'),
(42, 27, 2, 'gold biscuit', 2, 'gram', NULL, 60, 0, '0'),
(43, 28, 2, 'Gehu Atta', 2, 'kg', NULL, 80, 0, '0'),
(44, 29, 11, 'Gehu Atta', 11, 'kg', NULL, 440, 0, '0'),
(45, 29, 4, 'oilsss', 4, 'kg', NULL, 60, 0, '0'),
(46, 32, 3, 'oilsss', 3, 'kg', NULL, 45, 0, '0'),
(47, 32, 4, 'Salt', 4, '', NULL, 4, 0, '0'),
(48, 32, 4, 'Gehu Atta', 4, 'kg', NULL, 160, 0, '0'),
(49, 33, 12, 'Gehu Atta', 12, 'kg', NULL, 360, 0, '0'),
(50, 33, 4, 'oilsss', 4, 'kg', NULL, 20, 0, '0'),
(51, 34, 3, 'Chaco', 3, 'kg', NULL, 30, 0, '0'),
(52, 35, 5, 'Gehu Atta', 5, 'kg', NULL, 200, 0, '0'),
(53, 36, 1, 'cheese test', 1, 'kg', NULL, 60, 0, '0'),
(54, 37, 5, 'www', 5, 'gram', NULL, 60, 0, '0'),
(55, 39, 3, 'choko lava', 3, 'gram', NULL, 30, 0, '0'),
(56, 39, 1, 'cheese test', 1, 'kg', NULL, 50, 0, '0'),
(57, 39, 1, 'Gehu Atta', 1, 'kg', NULL, 30, 0, '0'),
(58, 39, 6, 'oilsss', 6, 'kg', NULL, 30, 0, '0'),
(59, 39, 1, 'Salt', 1, '', NULL, 1, 0, '0'),
(60, 40, 2, 'Gehu Atta', 2, 'kg', NULL, 60, 0, '0'),
(61, 40, 2, 'SwapTest', 2, 'kg', NULL, 4, 0, '0'),
(62, 41, 2, 'Gehu Atta', 2, 'kg', NULL, 60, 0, '0'),
(63, 41, 1, 'oilsss', 1, 'kg', NULL, 5, 0, '0'),
(64, 41, 1, 'daily', 1, 'gram', NULL, 600, 0, '0'),
(65, 41, 1, 'Salt', 1, '', NULL, 1, 0, '0'),
(66, 42, 1, 'Potato', 1, 'kg', NULL, 1, 0, '0'),
(67, 42, 2, 'Chaco', 2, 'kg', NULL, 20, 0, '0'),
(68, 43, 37, 'oilsss', 1, 'kg', NULL, 5, 0, '0'),
(69, 43, 33, 'Gehu Atta', 1, 'kg', NULL, 30, 0, '0'),
(70, 43, 24, 'daily', 1, 'gram', NULL, 600, 0, '0'),
(71, 43, 11, 'Salt', 1, '', NULL, 1, 0, '0'),
(72, 44, 33, 'Gehu Atta', 2, 'kg', NULL, 60, 0, '0'),
(73, 44, 37, 'oilsss', 2, 'kg', NULL, 10, 0, '0'),
(74, 45, 33, 'Gehu Atta', 6, 'kg', NULL, 240, 0, '0'),
(75, 45, 39, 'SwapTest', 5, 'kg', NULL, 5, 0, '0'),
(76, 45, 37, 'oilsss', 1, 'kg', NULL, 15, 0, '0'),
(77, 46, 39, 'SwapTest', 6, 'kg', NULL, 6, 0, '0'),
(78, 46, 37, 'oilsss', 10, 'kg', NULL, 150, 0, '0'),
(79, 47, 39, 'SwapTest', 3, 'kg', NULL, 3, 0, '0'),
(80, 47, 33, 'Gehu Atta', 10, 'kg', NULL, 400, 0, '0'),
(81, 48, 33, 'Gehu Atta', 1, 'kg', NULL, 30, 0, '0'),
(82, 49, 33, 'Gehu Atta', 1, 'kg', NULL, 30, 0, '0'),
(83, 50, 33, 'Gehu Atta', 1, 'kg', NULL, 30, 0, '0'),
(84, 50, 39, 'SwapTest', 2, 'kg', NULL, 4, 0, '0'),
(85, 51, 33, 'Gehu Atta', 4, 'kg', NULL, 120, 0, '0'),
(86, 52, 37, 'oilsss', 3, 'kg', NULL, 45, 0, '0'),
(87, 52, 33, 'Gehu Atta', 5, 'kg', NULL, 200, 0, '0'),
(88, 52, 11, 'Salt', 3, '', NULL, 3, 0, '0'),
(89, 53, 39, 'SwapTest', 1, 'kg', NULL, 1, 0, '0'),
(90, 53, 33, 'Gehu Atta', 2, 'kg', NULL, 80, 0, '0'),
(91, 54, 33, 'Gehu Atta', 2, 'kg', NULL, 80, 0, '0'),
(92, 54, 39, 'SwapTest', 7, 'kg', NULL, 7, 0, '0'),
(93, 55, 39, 'SwapTest', 14, 'kg', NULL, 14, 0, '0'),
(94, 55, 37, 'oilsss', 4, 'kg', NULL, 60, 0, '0'),
(95, 56, 33, 'Gehu Atta', 3, 'kg', NULL, 90, 0, '0'),
(96, 57, 33, 'Gehu Atta', 1, 'kg', NULL, 11, 0, '0'),
(97, 57, 39, 'SwapTest', 8, 'kg', NULL, 16, 0, '0'),
(98, 58, 20, 'Chaco', 6, 'kg', NULL, 60, 0, '0'),
(99, 59, 33, 'Gehu Atta', 5, 'kg', NULL, 150, 0, '0'),
(100, 60, 37, 'oilsss', 7, 'kg', NULL, 105, 0, '0'),
(101, 60, 11, 'Salt', 6, '', NULL, 6, 0, '0'),
(102, 61, 39, 'SwapTest', 4, 'kg', NULL, 8, 0, '0'),
(103, 61, 33, 'Gehu Atta', 10, 'kg', NULL, 300, 0, '0'),
(104, 62, 33, 'Gehu Atta', 2, 'kg', NULL, 60, 0, '0'),
(105, 63, 20, 'Chaco', 2, 'kg', NULL, 20, 0, '0'),
(106, 64, 33, 'Gehu Atta', 1, 'kg', NULL, 30, 0, '0'),
(107, 64, 39, 'SwapTest', 1, 'kg', NULL, 2, 0, '0'),
(108, 65, 33, 'Gehu Atta', 1, 'kg', NULL, 30, 0, '0'),
(109, 65, 39, 'SwapTest', 1, 'kg', NULL, 2, 0, '0'),
(110, 66, 33, 'Gehu Atta', 1, 'kg', NULL, 30, 0, '0'),
(111, 66, 39, 'SwapTest', 1, 'kg', NULL, 2, 0, '0'),
(112, 67, 33, 'Gehu Atta', 1, 'kg', NULL, 30, 0, '0'),
(113, 67, 39, 'SwapTest', 1, 'kg', NULL, 2, 0, '0'),
(114, 68, 20, 'Chaco', 5, 'kg', NULL, 50, 0, '0'),
(115, 69, 33, 'Gehu Atta', 1, 'kg', NULL, 30, 0, '0'),
(116, 69, 39, 'SwapTest', 2, 'kg', NULL, 4, 0, '0'),
(117, 70, 20, 'Chaco', 10, 'kg', NULL, 100, 0, '0'),
(118, 71, 33, 'Gehu Atta', 2, 'kg', NULL, 60, 0, '0'),
(119, 72, 25, 'teddsdfsfsf', 1, 'kg', NULL, 35, 0, '0'),
(120, 73, 33, 'Gehu Atta', 3, 'kg', NULL, 90, 0, '0'),
(121, 74, 9, 'Methi', 4, '', NULL, 4, 0, '0'),
(122, 74, 33, 'Gehu Atta', 1, 'kg', NULL, 30, 0, '0'),
(123, 75, 24, 'daily', 1, 'gram', NULL, 600, 0, '0'),
(124, 75, 39, 'SwapTest', 9, 'kg', NULL, 18, 0, '0'),
(125, 75, 11, 'Salt', 1, '', NULL, 1, 0, '0'),
(126, 76, 37, 'oilsss', 3, 'kg', NULL, 15, 0, '0'),
(127, 76, 24, 'daily', 1, 'gram', NULL, 600, 0, '0'),
(128, 77, 25, 'teddsdfsfsf', 1, 'kg', NULL, 353, 0, '0'),
(129, 77, 29, 'www', 4, 'gram', NULL, 48, 0, '0'),
(130, 78, 39, 'SwapTest', 2, 'kg', NULL, 4, 0, '0'),
(131, 78, 25, 'teddsdfsfsf', 3, 'kg', NULL, 1059, 0, '0'),
(132, 78, 29, 'www', 1, 'gram', NULL, 12, 0, '0'),
(133, 79, 29, 'www', 3, 'gram', NULL, 36, 0, '0'),
(134, 79, 37, 'oilsss', 1, 'kg', NULL, 5, 0, '0'),
(135, 79, 22, 'sve', 2, '', NULL, 200, 0, '0'),
(136, 80, 40, 'banana', 8, 'kg', NULL, 400, 0, '0'),
(137, 81, 40, 'banana', 4, 'kg', NULL, 2436, 0, '0'),
(138, 82, 29, 'www', 2, 'gram', NULL, 24, 0, '0'),
(139, 83, 40, 'banana', 2, 'kg', NULL, 60, 0, '0'),
(140, 83, 39, 'SwapTest', 4, 'kg', NULL, 4, 0, '0'),
(141, 83, 37, 'oilsss', 1, 'kg', NULL, 15, 0, '0'),
(142, 84, 40, 'banana', 7, 'kg', NULL, 350, 0, '0'),
(143, 85, 40, 'banana', 2, 'kg', NULL, 100, 0, '0'),
(144, 85, 11, 'Salt', 2, '', NULL, 2, 0, '0'),
(145, 86, 41, 'GArlic', 9, 'kg', NULL, 450, 0, '0'),
(146, 86, 20, 'Chaco', 11, 'kg', NULL, 1100, 0, '0'),
(147, 87, 29, 'www', 2, 'gram', NULL, 24, 0, '0'),
(148, 88, 39, 'SwapTest', 2, 'kg', NULL, 2, 0, '0'),
(149, 88, 20, 'Chaco', 2, 'kg', NULL, 200, 0, '0'),
(150, 89, 20, 'Chaco', 9, 'kg', NULL, 900, 0, '0'),
(151, 90, 41, 'GArlic', 1, 'kg', NULL, 50, 0, '0'),
(152, 90, 39, 'SwapTest', 7, 'kg', NULL, 14, 0, '0'),
(153, 91, 20, 'Chaco', 2, 'kg', NULL, 200, 0, '0'),
(154, 92, 20, 'Chaco', 1, 'kg', NULL, 100, 0, '0'),
(155, 93, 41, 'GArlic', 2, 'kg', NULL, 20, 0, '0'),
(156, 94, 39, 'SwapTest', 2, 'kg', NULL, 4, 0, '0'),
(157, 94, 33, 'Gehu Atta', 8, 'kg', NULL, 240, 0, '0'),
(158, 95, 29, 'www', 4, 'gram', NULL, 48, 0, '0'),
(159, 95, 39, 'SwapTest', 3, 'kg', NULL, 6, 0, '0'),
(160, 95, 20, 'Chaco', 4, 'kg', NULL, 400, 0, '0'),
(161, 96, 20, 'Chaco', 2, 'kg', NULL, 200, 0, '0'),
(162, 96, 8, 'ParaleG', 5, '', NULL, 5, 0, '0'),
(163, 97, 8, 'ParaleG', 3, '', NULL, 3, 0, '0'),
(164, 98, 8, 'ParaleG', 3, '', NULL, 3, 0, '0'),
(165, 99, 39, 'SwapTest', 7, 'kg', NULL, 14, 0, '0'),
(166, 99, 37, 'oilsss', 1, 'kg', NULL, 5, 0, '0'),
(167, 99, 42, 'Ginger', 5, 'kg', NULL, 100, 0, '0'),
(168, 100, 41, 'GArlic', 5, 'kg', NULL, 250, 0, '0'),
(169, 100, 42, 'Ginger', 1, 'kg', NULL, 20, 0, '0'),
(170, 101, 29, 'www', 4, 'gram', NULL, 48, 0, '0'),
(171, 101, 41, 'GArlic', 4, 'kg', NULL, 200, 0, '0'),
(172, 101, 20, 'Chaco', 2, 'kg', NULL, 200, 0, '0'),
(173, 102, 41, 'GArlic', 4, 'kg', NULL, 200, 0, '0'),
(174, 103, 40, 'banana', 3, 'kg', NULL, 150, 0, '0'),
(175, 104, 40, 'banana', 2, 'kg', NULL, 100, 0, '0'),
(176, 105, 40, 'banana', 1, 'kg', NULL, 50, 0, '0'),
(177, 106, 40, 'banana', 1, 'kg', NULL, 50, 0, '0'),
(178, 107, 41, 'GArlic', 12, 'kg', NULL, 600, 0, '0'),
(179, 108, 41, 'GArlic', 2, 'kg', NULL, 100, 0, '0'),
(180, 108, 20, 'Chaco', 2, 'kg', NULL, 200, 0, '0');

-- --------------------------------------------------------

--
-- Table structure for table `settings`
--

CREATE TABLE `settings` (
  `id` varchar(200) NOT NULL,
  `title` varchar(100) NOT NULL,
  `value` varchar(255) NOT NULL,
  `shop_id` int(11) NOT NULL
) ENGINE=InnoDB DEFAULT CHARSET=utf8;

--
-- Dumping data for table `settings`
--

INSERT INTO `settings` (`id`, `title`, `value`, `shop_id`) VALUES
('1', 'minmum order amount', '50', 1),
('2', 'maxmum order amount', '5000', 1);

-- --------------------------------------------------------

--
-- Table structure for table `shop_master`
--

CREATE TABLE `shop_master` (
  `shop_id` int(11) NOT NULL,
  `shop_name` text NOT NULL,
  `shop_address` text NOT NULL,
  `shop_lat` text NOT NULL,
  `shop_long` text NOT NULL,
  `shop_email_id` text NOT NULL,
  `shop_contact_no` text NOT NULL,
  `status` text NOT NULL,
  `created_date` date NOT NULL,
  `updated_date` date DEFAULT NULL,
  `logo` varchar(200) DEFAULT NULL
) ENGINE=MyISAM DEFAULT CHARSET=latin1;

--
-- Dumping data for table `shop_master`
--

INSERT INTO `shop_master` (`shop_id`, `shop_name`, `shop_address`, `shop_lat`, `shop_long`, `shop_email_id`, `shop_contact_no`, `status`, `created_date`, `updated_date`, `logo`) VALUES
(1, 'BHAKALO', 'Jule Solapur Road, Donde Nagar, Dnyaneshwar Nagar, Model Colony, Jule, Solapur, Maharashtra, India', '17.6383078', '75.905975', 'shopone@gmail.com', '8888219095', 'Active', '2020-03-11', '2020-03-14', 'images.jpg'),
(2, 'Amul', 'D Mart Solapur 2, Solapur Bypass Road, Mane Wasti, New Budhwar Peth, Solapur, Maharashtra, India', '17.6903818', '75.9007242', 'shoptwo@gmail.com', '8888553300', 'Active', '2020-03-11', '2020-03-14', 'download_(1).png'),
(3, 'Patanjali', 'Julesburg, CO, USA', '40.98832580000001', '-102.2643519', 'shopthree@gmail.com', '7894561230', 'Active', '2020-03-11', '2020-03-14', 'images_(1).jpg'),
(4, 'Pethe', 'wduygfjhcb dhef eduhe', '', '', 'sdkf@gmail.com', '3256458562', 'Deactive', '2020-03-14', NULL, 'download.png'),
(5, 'Test shop', 'Solapur - Pune Highway, Vaiduwadi, JJC Colony, Suryalok Nagari, Hadapsar, Pune, Maharashtra, India', '18.5046759', '73.9194866', 'test@gmail.com', '7886868686', 'Active', '2020-03-17', '2020-03-17', 'chinese.jpg'),
(6, 'ajinkya$8', 'usa', '20.593684', '78.96288', '-joshiajinkya12@gmail.comppppppppppppppp', '9561545300', 'Active', '2020-03-17', '2020-03-17', NULL),
(8, 'ttt', '46464 Farabee Road, Arcadia, FL, USA', '27.0350941', '-81.6900935', 't46@hg.fgf', '3535356656', 'Active', '2020-03-17', NULL, 'dryer1.jpg'),
(14, 'abhiruchi', '30 Rockefeller Plaza, New York, NY, USA', '40.7589632', '-73.97933739999999', 'as@gmail.fkk', '5656565645', 'Active', '2020-03-20', NULL, 'images_(2).jpg'),
(11, 'abc', 'Usaqun, Bogota, Colombia', '4.703336699999999', '-74.0328803', 'joshi@gmail.com', '9561545300', 'Active', '2020-03-17', NULL, NULL),
(12, 'joshi1', 'U?ak, U?ak Merkez/U?ak, Turkey', '38.6742286', '29.4058825', 'joshi@gmail.com', '9561545300', 'Active', '2020-03-17', NULL, NULL),
(13, 'test12', 'solapur', '', '', 'vedant.adjit@gmail.com', '1234567899', 'Active', '2020-03-18', '2020-03-18', 'Screenshot_from_2019-08-26_15-24-25.png');

-- --------------------------------------------------------

--
-- Table structure for table `signature`
--

CREATE TABLE `signature` (
  `id` int(20) NOT NULL,
  `order_id` varchar(100) NOT NULL,
  `signature` varchar(100) NOT NULL,
  `date` timestamp NOT NULL DEFAULT CURRENT_TIMESTAMP ON UPDATE CURRENT_TIMESTAMP
) ENGINE=MyISAM DEFAULT CHARSET=latin1;

--
-- Dumping data for table `signature`
--

INSERT INTO `signature` (`id`, `order_id`, `signature`, `date`) VALUES
(3, '546', 'Screenshot_(1)4.png', '2018-06-17 10:06:35'),
(4, '546', 'Screenshot_(1)5.png', '2018-06-17 10:07:09'),
(13, '535', 'http://neerajbisht.com/grocery_test/uploads/signature/empty_cart.png', '2018-06-18 12:58:46'),
(6, '', 'http://neerajbisht.com/grocery_test/uploads/signatureempty_cart.png', '2018-06-16 12:00:21'),
(7, '', 'http://neerajbisht.com/grocery_test/uploads/signatureempty_cart.png', '2018-06-18 12:01:32'),
(8, '559', 'http://neerajbisht.com/grocery_test/uploads/signatureempty_cart.png', '2018-06-05 12:02:01'),
(9, '559', 'http://neerajbisht.com/grocery_test/uploads/signature/empty_cart.png', '2018-06-18 12:06:46'),
(10, '559', 'http://neerajbisht.com/grocery_test/uploads/signature/empty_cart.png', '2018-06-18 12:08:14'),
(11, '559', 'http://neerajbisht.com/grocery_test/uploads/signature/empty_cart.png', '2018-06-13 12:08:53'),
(12, '', 'http://neerajbisht.com/grocery_test/uploads/signature/empty_cart.png', '2018-06-18 12:09:07'),
(14, '535', 'http://neerajbisht.com/grocery_test/uploads/signature/Screenshot_2018-06-14-15-46-12.png', '2018-06-18 14:21:50'),
(15, '535', 'http://neerajbisht.com/grocery_test/uploads/signature/Screenshot_2018-06-14-15-46-12.png', '2018-06-19 04:58:36'),
(16, '535', 'http://neerajbisht.com/grocery_test/uploads/signature/Screenshot_2018-06-14-15-46-12.png', '2018-06-19 05:23:02'),
(17, '535', 'http://neerajbisht.com/grocery_test/uploads/signature/Screenshot_2018-06-14-15-46-12.png', '2018-06-19 05:27:45'),
(18, '535', 'http://neerajbisht.com/grocery_test/uploads/signature/Screenshot_2018-06-14-15-46-12.png', '2018-06-19 05:28:04'),
(19, '535', 'http://neerajbisht.com/grocery_test/uploads/signature/IMG-20180619-WA0000.jpg', '2018-06-19 05:45:47'),
(20, '555', 'http://neerajbisht.com/grocery_test/uploads/signature/IMG-20180617-WA0003.jpg', '2018-06-19 05:47:16'),
(21, '555', 'http://neerajbisht.com/grocery_test/uploads/signature/1529392107758.jpg', '2018-06-19 07:08:35'),
(22, '555', 'http://neerajbisht.com/grocery_test/uploads/signature/1529392174614.jpg', '2018-06-19 07:09:30'),
(23, '530', 'http://neerajbisht.com/grocery_test/uploads/signature/1529393171292.jpg', '2018-06-19 07:26:09'),
(24, '558', 'http://neerajbisht.com/grocery_test/uploads/signature/1529393514776.jpg', '2018-06-19 07:31:53'),
(25, '561', 'http://neerajbisht.com/grocery_test/uploads/signature/1529394251543.jpg', '2018-06-19 07:44:12'),
(26, '558', 'http://neerajbisht.com/grocery_test/uploads/signature/1529396821180.jpg', '2018-06-19 08:27:01'),
(27, '530', 'http://neerajbisht.com/grocery_test/uploads/signature/1529397981665.jpg', '2018-06-19 08:46:23'),
(28, '562', 'http://neerajbisht.com/grocery_test/uploads/signature/1529398319125.jpg', '2018-06-19 08:51:56'),
(29, '563', 'http://neerajbisht.com/grocery_test/uploads/signature/1529398544609.jpg', '2018-06-19 08:55:42'),
(30, '564', 'http://neerajbisht.com/grocery_test/uploads/signature/1529398702658.jpg', '2018-06-19 08:58:30'),
(31, '565', 'http://neerajbisht.com/grocery_test/uploads/signature/1529399258465.jpg', '2018-06-19 09:07:35'),
(32, '566', 'http://neerajbisht.com/grocery_test/uploads/signature/1529399568692.jpg', '2018-06-19 09:12:43');

-- --------------------------------------------------------

--
-- Table structure for table `slider`
--

CREATE TABLE `slider` (
  `id` int(11) NOT NULL,
  `slider_title` varchar(100) NOT NULL,
  `slider_url` varchar(100) NOT NULL,
  `slider_image` varchar(100) NOT NULL,
  `sub_cat` int(200) NOT NULL,
  `slider_status` int(11) NOT NULL,
  `shop_id` int(11) NOT NULL
) ENGINE=InnoDB DEFAULT CHARSET=utf8;

--
-- Dumping data for table `slider`
--

INSERT INTO `slider` (`id`, `slider_title`, `slider_url`, `slider_image`, `sub_cat`, `slider_status`, `shop_id`) VALUES
(14, 'Vegetables', '', 'farmers-market-1329008__340.jpg', 79, 1, 1),
(20, 'Fruits', '', 'farmers-1311017__3401.jpg', 127, 0, 0),
(21, 'All products', '', 'offeo-offeo-video-06.jpg', 3, 1, 0),
(22, 'Spices', '', 'beans-2606866__340.jpg', 193, 0, 0),
(23, 'fodato', 'https://play.google.com/store/apps/details?id=fodato.adj.android.fodato&hl=en', 'offeo-offeo-video-16.jpg', 0, 0, 0),
(24, 'op', '', '17358680_1269985319721985_4506865831450312250_o.jpg', 0, 1, 0),
(25, 'hello', '', '20190124_191131.jpg', 130, 0, 0),
(26, 'abc', 'ccccc', '', 71, 1, 0);

-- --------------------------------------------------------

--
-- Table structure for table `socity`
--

CREATE TABLE `socity` (
  `socity_id` int(11) NOT NULL,
  `socity_name` varchar(200) NOT NULL,
  `pincode` varchar(15) NOT NULL,
  `delivery_charge` double NOT NULL,
  `shop_id` int(11) NOT NULL
) ENGINE=InnoDB DEFAULT CHARSET=utf8;

--
-- Dumping data for table `socity`
--

INSERT INTO `socity` (`socity_id`, `socity_name`, `pincode`, `delivery_charge`, `shop_id`) VALUES
(934, 'Thane', '400888', 50, 1),
(941, 'Kalwa', '400605', 50, 0),
(944, 'Hiranandani Estate', '400607', 50, 0),
(945, 'Hiranandani Meadows', '400610', 50, 0),
(947, 'Majiwada', '400608', 50, 0),
(949, 'Naupada', '400602', 50, 0),
(950, 'Thane(E)', '400603', 50, 0),
(951, 'Shreenager wagle estate Thane', '400604', 70, 0),
(952, 'Manpada', '400607', 60, 0),
(953, 'Upvan Talao Thane', '400610', 80, 0),
(954, 'Test_society', '54875666', 50, 1),
(957, 'Melody apartment', '15717', 88, 6),
(958, 'Waterfront', '433343', 0, 6),
(959, 'sa', '787878', 787, 0),
(966, 'ashu', '678978', 678, 0),
(967, 'ashu', '687879', 87, 0),
(968, 'Nilam Nagar', '413006', 0, 0),
(969, '+++++++++', '413003', 0, 0),
(970, '11 ng mill', '413003', 0, 0);

-- --------------------------------------------------------

--
-- Table structure for table `store_login`
--

CREATE TABLE `store_login` (
  `user_id` int(11) NOT NULL,
  `user_name` varchar(255) NOT NULL,
  `user_email` varchar(255) NOT NULL,
  `user_phone` varchar(15) NOT NULL,
  `user_fullname` varchar(255) NOT NULL,
  `user_password` longtext NOT NULL,
  `user_type_id` int(11) NOT NULL,
  `user_bdate` date NOT NULL,
  `is_email_varified` int(11) NOT NULL,
  `varified_token` varchar(255) NOT NULL,
  `user_gcm_code` longtext NOT NULL,
  `user_ios_token` longtext NOT NULL,
  `user_status` int(11) NOT NULL,
  `user_image` varchar(255) NOT NULL,
  `user_city` int(11) NOT NULL,
  `user_login_status` int(11) NOT NULL DEFAULT '0'
) ENGINE=InnoDB DEFAULT CHARSET=utf8;

--
-- Dumping data for table `store_login`
--

INSERT INTO `store_login` (`user_id`, `user_name`, `user_email`, `user_phone`, `user_fullname`, `user_password`, `user_type_id`, `user_bdate`, `is_email_varified`, `varified_token`, `user_gcm_code`, `user_ios_token`, `user_status`, `user_image`, `user_city`, `user_login_status`) VALUES
(1, 'administrator', 'tecmanic@gmail.com', '9909038886', 'Main Admininistrator', '6b15822dadec6e84cfb87d38f0e3514b', 0, '2016-03-04', 1, '', '', '', 1, 'women_gym_workout_wallpaper1.jpg', 1, 1),
(52, 'Raju mandal', 'rajugmandal@gmail.com', '8285242635', 'Store 1', '6b15822dadec6e84cfb87d38f0e3514b', 0, '0000-00-00', 1, '', '', '', 1, '', 1, 1),
(53, 'Neeraj Bisht', 'neeraj@gmail.com', '9412494124', 'Store 21', '25d55ad283aa400af464c76d713c07ad', 0, '0000-00-00', 0, '', '', '', 1, '', 1, 0),
(54, 'Shivendra', 'ptsshivendra@gmail.com', '8920204927', 'Shivendra Tiwari', '0e3b8c14cbedbdbcbe97b05ea7cfeae9', 0, '2018-06-01', 0, '', '', '', 0, '', 1, 0);

-- --------------------------------------------------------

--
-- Table structure for table `subscribe_plan`
--

CREATE TABLE `subscribe_plan` (
  `subscribe_id` int(11) NOT NULL,
  `subscription_id` int(11) NOT NULL,
  `user_id` bigint(20) NOT NULL,
  `subscription_start_date` datetime NOT NULL DEFAULT CURRENT_TIMESTAMP,
  `subscription_end_date` datetime NOT NULL,
  `purchase` int(11) NOT NULL DEFAULT '0' COMMENT '0 deative plan, 1 active plan',
  `subscription_details` text,
  `txt_id` text,
  `order_id` varchar(255) NOT NULL,
  `amount` double NOT NULL DEFAULT '0',
  `subscription_name` varchar(255) DEFAULT NULL
) ENGINE=MyISAM DEFAULT CHARSET=latin1;

--
-- Dumping data for table `subscribe_plan`
--

INSERT INTO `subscribe_plan` (`subscribe_id`, `subscription_id`, `user_id`, `subscription_start_date`, `subscription_end_date`, `purchase`, `subscription_details`, `txt_id`, `order_id`, `amount`, `subscription_name`) VALUES
(7, 2, 1, '2020-03-14 17:07:51', '2020-05-31 17:07:51', 0, '{\"subscription_id\":\"2\",\"subscription_name\":\"Summer new Pack\",\"subscription_days\":\"60\",\"subscription_price\":\"150\",\"subscription_image\":null,\"subscription_details1\":\"1\",\"subscription_details2\":\"0\",\"subscription_details3\":\"1\",\"cashback_amt\":null,\"min_limit_apply\":\"\",\"max_limit_apply\":\"0\",\"is_active\":\"1\",\"shop_id\":\"0\"}', 'pay_ES5JmA5An9PwYH', '1584185851603_3', 150, '2'),
(5, 17, 1, '2020-03-14 16:45:51', '2020-03-16 16:45:51', 0, '{\"subscription_id\":\"17\",\"subscription_name\":\"Super gold\",\"subscription_days\":\"2\",\"subscription_price\":\"19\",\"subscription_image\":null,\"subscription_details1\":\"0\",\"subscription_details2\":\"0\",\"subscription_details3\":\"1\",\"cashback_amt\":\"50\",\"min_limit_apply\":\"1\",\"max_limit_apply\":\"500\",\"is_active\":\"1\",\"shop_id\":\"1\"}', '1234657980', '25555', 75, '1'),
(18, 24, 5, '2020-03-18 00:14:30', '2020-04-17 00:14:30', 0, '{\"subscription_id\":\"23\",\"subscription_name\":\"Gold\",\"subscription_days\":\"30\",\"subscription_price\":\"49\",\"subscription_image\":null,\"subscription_details1\":\"1\",\"subscription_details2\":\"0\",\"subscription_details3\":\"0\",\"cashback_amt\":\"0\",\"min_limit_apply\":\"10\",\"max_limit_apply\":\"0\",\"is_active\":\"1\",\"shop_id\":\"0\"}', 'pay_ETOBp3Ox0viodF', '1584470445467_3', 49, 'Gold'),
(16, 23, 3, '2020-03-17 11:27:34', '2020-04-16 11:27:34', 1, '{\"subscription_id\":\"23\",\"subscription_name\":\"Gold\",\"subscription_days\":\"30\",\"subscription_price\":\"49\",\"subscription_image\":null,\"subscription_details1\":\"1\",\"subscription_details2\":\"0\",\"subscription_details3\":\"0\",\"cashback_amt\":\"0\",\"min_limit_apply\":\"10\",\"max_limit_apply\":\"0\",\"is_active\":\"1\",\"shop_id\":\"0\"}', 'pay_ETB7gSybHlZn66', '1584424206226_1', 49, 'Gold'),
(12, 2, 3, '2020-03-14 17:44:16', '2020-03-18 11:44:16', 0, '{\"subscription_id\":\"2\",\"subscription_name\":\"Summer new Pack\",\"subscription_days\":\"60\",\"subscription_price\":\"150\",\"subscription_image\":null,\"subscription_details1\":\"1\",\"subscription_details2\":\"0\",\"subscription_details3\":\"1\",\"cashback_amt\":null,\"min_limit_apply\":\"\",\"max_limit_apply\":\"0\",\"is_active\":\"1\",\"shop_id\":\"0\"}', 'pay_ES5wEmQSM3vkI1', '1584188027660_3', 150, 'Summer new Pack'),
(17, 24, 4, '2020-03-17 20:03:24', '2020-04-01 20:03:24', 0, '{\"subscription_id\":\"24\",\"subscription_name\":\"11\",\"subscription_days\":\"15\",\"subscription_price\":\"12\",\"subscription_image\":null,\"subscription_details1\":\"0\",\"subscription_details2\":\"0\",\"subscription_details3\":\"1\",\"cashback_amt\":null,\"min_limit_apply\":null,\"max_limit_apply\":\"0\",\"is_active\":\"1\",\"shop_id\":\"0\"}', 'pay_ETJuJtwo46NWnT', '1584455493359_4', 12, '11'),
(19, 25, 1, '2020-03-18 15:33:09', '2020-04-11 15:33:09', 0, '{\"subscription_id\":\"25\",\"subscription_name\":\"fgfd    tggggggggggggggggggggggg tuuuuuuuuuuu ttt\",\"subscription_days\":\"24\",\"subscription_price\":\"4\",\"subscription_image\":\"cashew_image.jpg\",\"subscription_details1\":\"1\",\"subscription_details2\":\"0\",\"subscription_details3\":\"0\",\"cashback_amt\":null,\"min_limit_apply\":null,\"max_limit_apply\":\"0\",\"is_active\":\"1\",\"shop_id\":\"0\"}', 'pay_ETdqDiwBPojwc4', '1584525762196_1', 4, 'fgfd    tggggggggggggggggggggggg tuuuuuuuuuuu ttt'),
(20, 30, 5, '2020-03-19 12:22:07', '2020-04-18 12:22:07', 0, '{\"subscription_id\":\"30\",\"subscription_name\":\"Silver\",\"subscription_days\":\"30\",\"subscription_price\":\"50\",\"subscription_image\":\"breakfast.jpg\",\"subscription_details1\":\"0\",\"subscription_details2\":\"1\",\"subscription_details3\":\"0\",\"cashback_amt\":null,\"min_limit_apply\":null,\"max_limit_apply\":\"10\",\"is_active\":\"1\",\"shop_id\":\"0\"}', 'pay_ETz7VdZj4sjkKz', '1584600653996_5', 50, 'Silver'),
(21, 30, 5, '2020-03-19 12:24:13', '2020-04-18 12:24:13', 0, '{\"subscription_id\":\"30\",\"subscription_name\":\"Silver\",\"subscription_days\":\"30\",\"subscription_price\":\"50\",\"subscription_image\":\"breakfast.jpg\",\"subscription_details1\":\"0\",\"subscription_details2\":\"1\",\"subscription_details3\":\"0\",\"cashback_amt\":null,\"min_limit_apply\":null,\"max_limit_apply\":\"10\",\"is_active\":\"1\",\"shop_id\":\"0\"}', 'pay_ETz9gMATFwI74E', '1584600811482_5', 50, 'Silver'),
(22, 32, 1, '2020-03-20 16:17:00', '2020-03-25 16:17:00', 0, '{\"subscription_id\":\"32\",\"subscription_name\":\"CASHBACK\",\"subscription_days\":\"5\",\"subscription_price\":\"5\",\"subscription_image\":\"17358680_1269985319721985_4506865831450312250_o.jpg\",\"subscription_details1\":\"0\",\"subscription_details2\":\"0\",\"subscription_details3\":\"1\",\"cashback_amt\":null,\"min_limit_apply\":null,\"max_limit_apply\":\"0\",\"is_active\":\"1\",\"shop_id\":\"0\"}', 'pay_EURekET3oACdqv', '1584701013402_1', 5, 'CASHBACK'),
(23, 30, 5, '2020-03-20 18:09:44', '2020-04-19 18:09:44', 1, '{\"subscription_id\":\"30\",\"subscription_name\":\"Silver\",\"subscription_days\":\"30\",\"subscription_price\":\"50\",\"subscription_image\":\"breakfast.jpg\",\"subscription_details1\":\"0\",\"subscription_details2\":\"1\",\"subscription_details3\":\"0\",\"cashback_amt\":null,\"min_limit_apply\":null,\"max_limit_apply\":\"10\",\"is_active\":\"1\",\"shop_id\":\"0\"}', 'pay_EUTZqE4ltKkRrP', '1584707809176_5', 50, 'Silver'),
(24, 41, 16, '2020-03-21 15:22:19', '2020-03-23 15:22:19', 0, '{\"subscription_id\":\"41\",\"subscription_name\":\"diamond\",\"subscription_days\":\"2\",\"subscription_price\":\"20\",\"subscription_image\":\"images_(2).jpg\",\"subscription_details1\":\"1\",\"subscription_details2\":\"1\",\"subscription_details3\":\"1\",\"cashback_amt\":null,\"min_limit_apply\":null,\"max_limit_apply\":\"3\",\"is_active\":\"1\",\"shop_id\":\"0\"}', 'pay_EUpG1in2NFalib', '1584784277589_16', 20, 'diamond'),
(25, 41, 1, '2020-03-23 10:25:13', '2020-03-25 10:25:13', 0, '{\"subscription_id\":\"41\",\"subscription_name\":\"diamond\",\"subscription_days\":\"2\",\"subscription_price\":\"20\",\"subscription_image\":\"images_(2).jpg\",\"subscription_details1\":\"1\",\"subscription_details2\":\"1\",\"subscription_details3\":\"1\",\"cashback_amt\":null,\"min_limit_apply\":null,\"max_limit_apply\":\"3\",\"is_active\":\"1\",\"shop_id\":\"0\"}', 'pay_EVXGQDHvtGWORE', '1584939277609_1', 20, 'diamond'),
(26, 41, 1, '2020-03-23 10:25:31', '2020-03-25 10:25:31', 0, '{\"subscription_id\":\"41\",\"subscription_name\":\"diamond\",\"subscription_days\":\"2\",\"subscription_price\":\"20\",\"subscription_image\":\"images_(2).jpg\",\"subscription_details1\":\"1\",\"subscription_details2\":\"1\",\"subscription_details3\":\"1\",\"cashback_amt\":null,\"min_limit_apply\":null,\"max_limit_apply\":\"3\",\"is_active\":\"1\",\"shop_id\":\"0\"}', 'pay_EVXGoGqdHNpn8C', '1584939277609_1', 20, 'diamond'),
(27, 42, 16, '2020-03-23 12:24:01', '2020-03-27 12:24:01', 0, '{\"subscription_id\":\"42\",\"subscription_name\":\"Gold123\",\"subscription_days\":\"4\",\"subscription_price\":\"50\",\"subscription_image\":null,\"subscription_details1\":\"1\",\"subscription_details2\":\"0\",\"subscription_details3\":\"1\",\"cashback_amt\":null,\"min_limit_apply\":null,\"max_limit_apply\":\"0\",\"is_active\":\"1\",\"shop_id\":\"0\"}', 'pay_EVZI0u22caAsvj', '1584946403693_16', 50, 'Gold123'),
(28, 42, 1, '2020-03-23 12:53:53', '2020-03-27 12:53:53', 1, '{\"subscription_id\":\"42\",\"subscription_name\":\"Gold123\",\"subscription_days\":\"4\",\"subscription_price\":\"50\",\"subscription_image\":null,\"subscription_details1\":\"1\",\"subscription_details2\":\"0\",\"subscription_details3\":\"1\",\"cashback_amt\":null,\"min_limit_apply\":null,\"max_limit_apply\":\"0\",\"is_active\":\"1\",\"shop_id\":\"0\"}', 'pay_EVZnZdDs7IAxJA', '1584948184297_1', 50, 'Gold123'),
(29, 41, 4, '2020-03-23 22:38:47', '2020-03-25 22:38:47', 1, '{\"subscription_id\":\"41\",\"subscription_name\":\"diamond\",\"subscription_days\":\"2\",\"subscription_price\":\"20\",\"subscription_image\":\"images_(2).jpg\",\"subscription_details1\":\"1\",\"subscription_details2\":\"1\",\"subscription_details3\":\"1\",\"cashback_amt\":null,\"min_limit_apply\":null,\"max_limit_apply\":\"3\",\"is_active\":\"1\",\"shop_id\":\"0\"}', 'pay_EVjlQZ7DuEip41', '1584983292002_4', 20, 'diamond'),
(30, 41, 16, '2020-03-24 11:13:51', '2020-03-26 11:13:51', 1, '{\"subscription_id\":\"41\",\"subscription_name\":\"diamond\",\"subscription_days\":\"2\",\"subscription_price\":\"20\",\"subscription_image\":\"images_(2).jpg\",\"subscription_details1\":\"1\",\"subscription_details2\":\"1\",\"subscription_details3\":\"1\",\"cashback_amt\":null,\"min_limit_apply\":null,\"max_limit_apply\":\"3\",\"is_active\":\"1\",\"shop_id\":\"0\"}', 'pay_EVwcssqQMJnEex', '1585028134017_16', 20, 'diamond'),
(31, 43, 20, '2020-03-24 12:42:28', '2020-03-25 12:42:28', 1, '{\"subscription_id\":\"43\",\"subscription_name\":\"test\",\"subscription_days\":\"1\",\"subscription_price\":\"1\",\"subscription_image\":null,\"subscription_details1\":\"1\",\"subscription_details2\":\"1\",\"subscription_details3\":\"1\",\"cashback_amt\":null,\"min_limit_apply\":null,\"max_limit_apply\":\"100\",\"is_active\":\"1\",\"shop_id\":\"0\"}', 'pay_EVy8aZtBufRx2m', '1585033921661_20', 1, 'test'),
(32, 25, 28, '2020-04-17 12:20:13', '2020-05-11 12:20:13', 0, '{\"subscription_id\":\"25\",\"subscription_name\":\"fgfd\",\"subscription_days\":\"24\",\"subscription_price\":\"4\",\"subscription_image\":\"cashew_image.jpg\",\"subscription_details1\":\"1\",\"subscription_details2\":\"1\",\"subscription_details3\":\"0\",\"cashback_amt\":null,\"min_limit_apply\":null,\"max_limit_apply\":\"1\",\"is_active\":\"1\",\"shop_id\":\"0\"}', 'pay_EfSZvA4hFXhC76', '1587105934644_28', 4, 'fgfd'),
(33, 25, 28, '2020-04-17 12:38:49', '2020-05-11 12:38:49', 1, '{\"subscription_id\":\"25\",\"subscription_name\":\"fgfd\",\"subscription_days\":\"24\",\"subscription_price\":\"4\",\"subscription_image\":\"cashew_image.jpg\",\"subscription_details1\":\"1\",\"subscription_details2\":\"1\",\"subscription_details3\":\"0\",\"cashback_amt\":null,\"min_limit_apply\":null,\"max_limit_apply\":\"1\",\"is_active\":\"1\",\"shop_id\":\"0\"}', 'pay_EfSthIANw7fwu3', '1587106213342_28', 4, 'fgfd');

-- --------------------------------------------------------

--
-- Table structure for table `subscription_plan`
--

CREATE TABLE `subscription_plan` (
  `subscription_id` int(11) NOT NULL,
  `subscription_name` varchar(255) NOT NULL,
  `subscription_days` int(11) NOT NULL,
  `subscription_price` int(11) NOT NULL,
  `subscription_image` varchar(255) DEFAULT NULL,
  `subscription_details1` int(11) DEFAULT NULL COMMENT 'unlock member price',
  `subscription_details2` int(11) DEFAULT NULL COMMENT 'free delivery',
  `subscription_details3` int(11) DEFAULT NULL COMMENT 'cashback',
  `cashback_amt` int(11) DEFAULT NULL,
  `min_limit_apply` text,
  `max_limit_apply` text NOT NULL,
  `is_active` int(11) NOT NULL,
  `shop_id` int(11) NOT NULL
) ENGINE=MyISAM DEFAULT CHARSET=latin1;

--
-- Dumping data for table `subscription_plan`
--

INSERT INTO `subscription_plan` (`subscription_id`, `subscription_name`, `subscription_days`, `subscription_price`, `subscription_image`, `subscription_details1`, `subscription_details2`, `subscription_details3`, `cashback_amt`, `min_limit_apply`, `max_limit_apply`, `is_active`, `shop_id`) VALUES
(25, 'fgfd', 24, 4, 'cashew_image.jpg', 1, 1, 0, NULL, NULL, '1', 1, 0),
(23, 'Gold', 30, 49, NULL, 1, 0, 0, 0, '10', '0', 0, 0),
(30, 'Silver', 30, 50, 'breakfast.jpg', 0, 1, 0, NULL, NULL, '10', 1, 0),
(32, 'CASHBACK', 5, 5, '17358680_1269985319721985_4506865831450312250_o.jpg', 0, 0, 1, NULL, NULL, '0', 1, 0),
(41, 'diamond', 2, 20, 'images_(2).jpg', 1, 1, 1, NULL, NULL, '3', 1, 0),
(42, 'Gold123', 4, 50, NULL, 1, 0, 1, NULL, NULL, '0', 1, 0),
(43, 'test', 1, 1, NULL, 1, 1, 1, NULL, NULL, '100', 1, 0),
(44, '++++', 3, 10, NULL, 1, 1, 1, NULL, NULL, '1', 1, 0);

-- --------------------------------------------------------

--
-- Table structure for table `temp_cart_sale`
--

CREATE TABLE `temp_cart_sale` (
  `temp_id` int(11) NOT NULL,
  `product_id` int(11) NOT NULL,
  `user_id` int(11) NOT NULL,
  `product_name` varchar(250) DEFAULT NULL,
  `qty` double NOT NULL,
  `unit` varchar(50) NOT NULL,
  `unit_value` double DEFAULT NULL,
  `price` double NOT NULL,
  `qty_in_kg` double NOT NULL DEFAULT '0'
) ENGINE=MyISAM DEFAULT CHARSET=latin1;

--
-- Dumping data for table `temp_cart_sale`
--

INSERT INTO `temp_cart_sale` (`temp_id`, `product_id`, `user_id`, `product_name`, `qty`, `unit`, `unit_value`, `price`, `qty_in_kg`) VALUES
(1494, 33, 18, 'Gehu Atta', 3, 'kg', NULL, 90, 0),
(576, 4, 5, 'gold biscuit', 4, '1', NULL, 120, 0),
(1133, 3, 4, 'Gehu Atta', 3, 'kg', NULL, 120, 0),
(1563, 7, 23, 'Potato', 3, 'KG', NULL, 3, 0),
(2527, 29, 20, 'www', 1, '1', NULL, 12, 0),
(2526, 7, 20, 'Potato', 1, 'KG', NULL, 1, 0),
(1132, 2, 4, 'SwapTest', 2, 'Kg', NULL, 2, 0),
(2625, 41, 1, 'GArlic', 2, 'kg', NULL, 100, 0),
(2629, 39, 27, 'SwapTest', 1, 'Kg', NULL, 2, 0),
(2702, 11, 28, 'Salt', 2, 'g', NULL, 20, 0),
(2607, 40, 24, 'banana', 3, 'kg', NULL, 150, 0);

-- --------------------------------------------------------

--
-- Table structure for table `time_slots`
--

CREATE TABLE `time_slots` (
  `time_id` int(11) NOT NULL,
  `opening_time` time NOT NULL,
  `closing_time` time NOT NULL,
  `second_slot_opening_time` time NOT NULL,
  `second_slot_closing_time` time NOT NULL,
  `time_slot` int(11) NOT NULL,
  `shop_id` int(11) NOT NULL,
  `updated_at` timestamp NOT NULL DEFAULT CURRENT_TIMESTAMP
) ENGINE=InnoDB DEFAULT CHARSET=utf8;

--
-- Dumping data for table `time_slots`
--

INSERT INTO `time_slots` (`time_id`, `opening_time`, `closing_time`, `second_slot_opening_time`, `second_slot_closing_time`, `time_slot`, `shop_id`, `updated_at`) VALUES
(1, '11:00:00', '14:00:00', '18:00:00', '18:00:00', 60, 2, '2019-03-22 05:54:13'),
(2, '11:00:00', '14:00:00', '18:00:00', '18:00:00', 60, 2, '2019-03-22 05:54:13');

-- --------------------------------------------------------

--
-- Table structure for table `top_selling`
--

CREATE TABLE `top_selling` (
  `id` int(255) NOT NULL,
  `product_price` varchar(1000) NOT NULL,
  `image_title` varchar(1000) NOT NULL,
  `img_url` varchar(1000) NOT NULL
) ENGINE=MyISAM DEFAULT CHARSET=latin1;

--
-- Dumping data for table `top_selling`
--

INSERT INTO `top_selling` (`id`, `product_price`, `image_title`, `img_url`) VALUES
(1, '225', 'Aashirvaad', 'http://neerajbisht.com/grocery_test/img/top_selling/aashirvaad.png'),
(2, '360', 'Coffee', 'http://neerajbisht.com/grocery_test/img/top_selling/coffee.png'),
(3, '200', 'Milk Powder', 'http://neerajbisht.com/grocery_test/img/top_selling/imag2.png'),
(4, '25', 'Cookies', 'http://neerajbisht.com/grocery_test/img/top_selling/imag3.png');

-- --------------------------------------------------------

--
-- Table structure for table `users`
--

CREATE TABLE `users` (
  `user_id` int(11) NOT NULL,
  `user_name` varchar(255) NOT NULL,
  `user_email` varchar(255) NOT NULL,
  `user_phone` varchar(15) NOT NULL,
  `user_fullname` varchar(255) NOT NULL,
  `user_password` longtext NOT NULL,
  `user_type_id` int(11) NOT NULL,
  `user_bdate` date NOT NULL,
  `is_email_varified` int(11) NOT NULL,
  `varified_token` varchar(255) NOT NULL,
  `user_gcm_code` longtext NOT NULL,
  `user_ios_token` longtext NOT NULL,
  `user_status` int(11) NOT NULL,
  `user_image` varchar(255) NOT NULL,
  `user_city` int(11) NOT NULL,
  `user_login_status` int(11) NOT NULL DEFAULT '0'
) ENGINE=InnoDB DEFAULT CHARSET=utf8;

--
-- Dumping data for table `users`
--

INSERT INTO `users` (`user_id`, `user_name`, `user_email`, `user_phone`, `user_fullname`, `user_password`, `user_type_id`, `user_bdate`, `is_email_varified`, `varified_token`, `user_gcm_code`, `user_ios_token`, `user_status`, `user_image`, `user_city`, `user_login_status`) VALUES
(1, 'administrator', 'surf_city@gmail.com', '9511906919', 'Main administrator', '21232f297a57a5a743894a0e4a801fc3', 0, '2016-03-04', 1, '', '', '', 1, 'women_gym_workout_wallpaper1.jpg', 1, 1),
(10, 'Ashwini Nikam', 'ashwini.makos@gmail.com', '9984889898', 'Pratham Hotel', 'e10adc3949ba59abbe56e057f20f883e', 0, '0000-00-00', 0, '', '', '', 1, '', 1, 0),
(15, 'adj', 'ramesh.makos@gmail.com', '9876543210', 'adj', '4b73f17013a3f662e661022a71043b87', 0, '0000-00-00', 0, '', '', '', 1, '', 1, 0),
(16, '-----', 'oooo@gmail.pl', '95615453300', '++++', 'cb33197c37d6292cb7e3c23c107d93fd', 0, '0000-00-00', 0, '', '', '', 0, '', 1, 0);

-- --------------------------------------------------------

--
-- Table structure for table `user_location`
--

CREATE TABLE `user_location` (
  `location_id` int(11) NOT NULL,
  `user_id` bigint(20) NOT NULL,
  `pincode` varchar(255) NOT NULL,
  `socity_id` int(11) NOT NULL,
  `house_no` longtext NOT NULL,
  `receiver_name` varchar(255) NOT NULL,
  `receiver_mobile` varchar(15) NOT NULL,
  `store_id` int(11) NOT NULL
) ENGINE=InnoDB DEFAULT CHARSET=utf8;

--
-- Dumping data for table `user_location`
--

INSERT INTO `user_location` (`location_id`, `user_id`, `pincode`, `socity_id`, `house_no`, `receiver_name`, `receiver_mobile`, `store_id`) VALUES
(151, 3, '400888', 934, 'asdf', 'dsf', '9565464654', 0),
(152, 4, '400888', 934, 'limayewadi', 'Nihal', '9158568391', 0),
(159, 6, '400610', 953, '=======', 'ajinkya joshi', '9561545300', 0),
(160, 6, '400888', 934, 'gt', 'anc', '9561545300', 0),
(161, 5, '687879', 967, 'solapur', 'ash', '6768968500', 0),
(162, 6, '400603', 950, '@', '()', '9999999999', 0),
(165, 1, '400605', 941, 'gfdgdf', 'gdfg', '7667456754', 0),
(167, 18, '413006', 968, 'Nilam nagar', 'Ramesh', '8888219098', 0),
(168, 20, '400603', 950, 'zjskf sixh', 'sjjs', '8149448885', 0),
(169, 21, '413006', 968, 'dmart', 'ashu', '9898989890', 0),
(170, 23, '413006', 968, 'gff', 'solar', '9326165968', 0),
(171, 24, '413006', 968, 'Nilam Nagar', 'Ramesh', '9326165968', 0),
(172, 25, '678978', 966, 'jule solapur', 'sia', '9585588787', 0),
(173, 26, '15717', 957, 'ims', 'chhd', '9850505700', 0),
(174, 16, '413006', 968, 'solapur', 'advikaaa nikam', '9850505700', 0),
(175, 28, '15717', 957, '11 ng mill', 'uuu', '6666666666', 0);

-- --------------------------------------------------------

--
-- Table structure for table `user_types`
--

CREATE TABLE `user_types` (
  `user_type_id` int(11) NOT NULL,
  `user_type_title` varchar(30) NOT NULL
) ENGINE=InnoDB DEFAULT CHARSET=utf8;

--
-- Dumping data for table `user_types`
--

INSERT INTO `user_types` (`user_type_id`, `user_type_title`) VALUES
(1, 'User');

-- --------------------------------------------------------

--
-- Table structure for table `user_type_access`
--

CREATE TABLE `user_type_access` (
  `user_type_id` int(11) NOT NULL,
  `class` varchar(30) NOT NULL,
  `method` varchar(30) NOT NULL,
  `access` int(11) NOT NULL
) ENGINE=InnoDB DEFAULT CHARSET=utf8;

--
-- Dumping data for table `user_type_access`
--

INSERT INTO `user_type_access` (`user_type_id`, `class`, `method`, `access`) VALUES
(0, 'admin', '*', 1),
(0, 'child', '*', 1),
(0, 'parents', '*', 1),
(0, 'timeline', '*', 1),
(0, 'users', '*', 1);

-- --------------------------------------------------------

--
-- Table structure for table `wallet_history`
--

CREATE TABLE `wallet_history` (
  `w_history_id` int(11) NOT NULL,
  `user_id` bigint(20) NOT NULL,
  `amount` double NOT NULL,
  `Status` int(11) NOT NULL,
  `created_at` timestamp NOT NULL DEFAULT CURRENT_TIMESTAMP
) ENGINE=MyISAM DEFAULT CHARSET=latin1;

--
-- Dumping data for table `wallet_history`
--

INSERT INTO `wallet_history` (`w_history_id`, `user_id`, `amount`, `Status`, `created_at`) VALUES
(135, 16, 10, 0, '2020-03-26 08:38:37'),
(134, 16, 16, 1, '2020-03-26 08:38:37'),
(3, 1, 1, 0, '2019-03-21 12:34:23'),
(133, 16, 16, 0, '2020-03-26 08:38:04'),
(132, 16, 35, 1, '2020-03-26 06:30:30'),
(131, 26, 50, 1, '2020-03-26 06:30:30'),
(130, 26, 30, 1, '2020-03-26 06:30:30'),
(129, 26, 11, 0, '2020-03-26 06:29:31'),
(128, 25, 30, 1, '2020-03-26 06:23:31'),
(127, 25, 10, 0, '2020-03-26 06:20:19'),
(11, 1, 1, 1, '2019-03-22 09:40:38'),
(126, 16, 35, 1, '2020-03-26 06:14:03'),
(125, 25, 50, 1, '2020-03-26 06:14:03'),
(124, 16, 8, 0, '2020-03-26 06:04:54'),
(123, 21, 35, 1, '2020-03-25 14:26:32'),
(122, 24, 50, 1, '2020-03-25 14:26:32'),
(121, 1, 1, 1, '2020-03-24 12:47:48'),
(120, 1, 1, 1, '2020-03-24 12:29:03'),
(119, 21, 14, 1, '2020-03-24 11:15:46'),
(118, 21, 14, 0, '2020-03-24 11:15:14'),
(117, 21, 30, 1, '2020-03-24 11:11:13'),
(116, 16, 32, 1, '2020-03-24 11:10:54'),
(115, 16, 12, 0, '2020-03-24 09:03:46'),
(114, 20, 51, 1, '2020-03-24 06:56:44'),
(113, 20, 2, 0, '2020-03-24 06:55:16'),
(112, 16, 8, 0, '2020-03-24 06:24:55'),
(111, 16, 6, 1, '2020-03-24 05:26:11'),
(110, 16, 6, 0, '2020-03-24 05:21:09'),
(109, 16, 12, 1, '2020-03-24 05:18:18'),
(108, 16, 12, 0, '2020-03-24 05:17:59'),
(107, 16, 3, 0, '2020-03-24 05:02:15'),
(106, 4, 2, 0, '2020-03-23 17:02:44'),
(105, 4, 2, 0, '2020-03-23 17:02:26'),
(104, 1, 1, 0, '2020-03-23 13:31:34'),
(103, 1, 1, 0, '2020-03-23 13:19:25'),
(102, 16, 10, 0, '2020-03-23 12:30:19'),
(101, 16, 5, 1, '2020-03-23 12:30:19'),
(100, 16, 10, 0, '2020-03-23 12:28:18'),
(99, 16, 5, 1, '2020-03-23 12:28:18'),
(98, 16, 10, 0, '2020-03-23 12:27:31'),
(97, 16, 5, 1, '2020-03-23 12:27:31'),
(96, 1, 1, 1, '2020-03-23 12:13:01'),
(95, 16, 2, 1, '2020-03-23 10:44:17'),
(94, 1, 30, 1, '2020-03-23 07:06:12'),
(93, 4, 7, 1, '2020-03-23 06:47:59'),
(92, 16, 10, 1, '2020-03-23 06:09:23'),
(91, 4, 5, 0, '2020-03-22 08:59:30'),
(90, 16, 1, 1, '2020-03-21 11:28:38'),
(89, 16, 1, 1, '2020-03-21 11:27:56'),
(88, 16, 1, 1, '2020-03-21 11:27:50'),
(87, 16, 25, 0, '2020-03-21 08:14:00'),
(86, 16, 15, 1, '2020-03-21 08:10:44'),
(85, 16, 20, 0, '2020-03-21 08:10:12'),
(84, 16, 15, 1, '2020-03-21 07:56:49'),
(55, 3, 2, 1, '2020-03-12 05:35:48'),
(56, 4, 5, 0, '2020-03-13 14:46:10'),
(57, 4, 4, 0, '2020-03-13 14:49:34'),
(58, 4, 3, 1, '2020-03-13 14:53:01'),
(59, 4, 65, 1, '2020-03-13 15:04:55'),
(60, 4, 4, 1, '2020-03-13 15:16:48'),
(61, 1, 3, 1, '2020-03-14 10:51:01'),
(62, 1, 3, 1, '2020-03-14 10:55:44'),
(63, 1, 3, 1, '2020-03-14 10:56:53'),
(64, 1, 3, 1, '2020-03-14 10:57:55'),
(65, 1, 3, 1, '2020-03-14 10:58:52'),
(66, 1, 3, 1, '2020-03-14 10:59:13'),
(67, 1, 3, 1, '2020-03-14 11:00:32'),
(68, 1, 3, 1, '2020-03-14 11:01:09'),
(69, 1, 3, 1, '2020-03-14 11:02:20'),
(70, 1, 3, 1, '2020-03-14 11:02:58'),
(71, 1, 3, 1, '2020-03-14 11:03:53'),
(72, 1, 3, 1, '2020-03-14 11:04:33'),
(73, 1, 3, 1, '2020-03-14 11:14:59'),
(74, 3, 20, 1, '2020-03-14 12:50:47'),
(75, 3, 9, 0, '2020-03-14 14:08:35'),
(76, 3, 3, 0, '2020-03-14 14:10:38'),
(77, 5, 5, 1, '2020-03-17 08:35:25'),
(78, 5, 6, 1, '2020-03-17 08:37:48'),
(79, 5, 5, 0, '2020-03-17 11:52:57'),
(80, 3, 30, 0, '2020-03-17 18:38:55'),
(81, 1, 2, 0, '2020-03-19 08:49:15'),
(82, 1, 2, 0, '2020-03-19 08:49:27'),
(83, 1, 2, 0, '2020-03-19 08:52:22'),
(136, 16, 11, 0, '2020-03-26 09:10:53'),
(137, 24, 50, 1, '2020-03-26 14:21:48'),
(138, 21, 35, 1, '2020-03-26 14:21:48'),
(139, 20, 2, 0, '2020-03-26 16:50:25'),
(140, 20, 2, 0, '2020-03-26 16:50:30'),
(141, 16, 5.95, 1, '2020-03-27 06:14:21'),
(142, 16, 8, 1, '2020-03-27 06:21:16'),
(143, 16, 22.4, 1, '2020-03-27 06:33:03');

-- --------------------------------------------------------

--
-- Table structure for table `wallet_limit`
--

CREATE TABLE `wallet_limit` (
  `wallet_id` int(11) NOT NULL,
  `wallet_limit_min` int(11) NOT NULL,
  `wallet_limit_max` int(11) NOT NULL
) ENGINE=MyISAM DEFAULT CHARSET=latin1;

--
-- Dumping data for table `wallet_limit`
--

INSERT INTO `wallet_limit` (`wallet_id`, `wallet_limit_min`, `wallet_limit_max`) VALUES
(1, 5, 10);

-- --------------------------------------------------------

--
-- Table structure for table `welcome_plan`
--

CREATE TABLE `welcome_plan` (
  `welcome_id` int(11) NOT NULL,
  `welcome_money` double NOT NULL
) ENGINE=MyISAM DEFAULT CHARSET=latin1;

--
-- Dumping data for table `welcome_plan`
--

INSERT INTO `welcome_plan` (`welcome_id`, `welcome_money`) VALUES
(1, 100);

--
-- Indexes for dumped tables
--

--
-- Indexes for table `add_cart_list`
--
ALTER TABLE `add_cart_list`
  ADD PRIMARY KEY (`cart_id`);

--
-- Indexes for table `banner`
--
ALTER TABLE `banner`
  ADD PRIMARY KEY (`id`);

--
-- Indexes for table `categories`
--
ALTER TABLE `categories`
  ADD PRIMARY KEY (`id`);

--
-- Indexes for table `city`
--
ALTER TABLE `city`
  ADD PRIMARY KEY (`city_id`);

--
-- Indexes for table `ci_sessions`
--
ALTER TABLE `ci_sessions`
  ADD KEY `ci_sessions_timestamp` (`timestamp`);

--
-- Indexes for table `closing_hours`
--
ALTER TABLE `closing_hours`
  ADD PRIMARY KEY (`id`);

--
-- Indexes for table `coupons`
--
ALTER TABLE `coupons`
  ADD PRIMARY KEY (`id`);

--
-- Indexes for table `deal_product`
--
ALTER TABLE `deal_product`
  ADD PRIMARY KEY (`id`);

--
-- Indexes for table `deelofday`
--
ALTER TABLE `deelofday`
  ADD PRIMARY KEY (`id`);

--
-- Indexes for table `delivered_order`
--
ALTER TABLE `delivered_order`
  ADD PRIMARY KEY (`sale_id`);

--
-- Indexes for table `delivery_boy`
--
ALTER TABLE `delivery_boy`
  ADD PRIMARY KEY (`id`);

--
-- Indexes for table `feature_slider`
--
ALTER TABLE `feature_slider`
  ADD PRIMARY KEY (`id`);

--
-- Indexes for table `global_setting`
--
ALTER TABLE `global_setting`
  ADD PRIMARY KEY (`globe_setting_id`);

--
-- Indexes for table `header_categories`
--
ALTER TABLE `header_categories`
  ADD PRIMARY KEY (`id`);

--
-- Indexes for table `header_products`
--
ALTER TABLE `header_products`
  ADD PRIMARY KEY (`product_id`);

--
-- Indexes for table `icons`
--
ALTER TABLE `icons`
  ADD PRIMARY KEY (`id`);

--
-- Indexes for table `pageapp`
--
ALTER TABLE `pageapp`
  ADD PRIMARY KEY (`id`);

--
-- Indexes for table `products`
--
ALTER TABLE `products`
  ADD PRIMARY KEY (`product_id`);

--
-- Indexes for table `purchase`
--
ALTER TABLE `purchase`
  ADD PRIMARY KEY (`purchase_id`);

--
-- Indexes for table `registers`
--
ALTER TABLE `registers`
  ADD PRIMARY KEY (`user_id`),
  ADD UNIQUE KEY `user_email` (`user_email`),
  ADD UNIQUE KEY `IMEI_no` (`user_id`),
  ADD UNIQUE KEY `referral_code` (`referral_code`);

--
-- Indexes for table `rewards`
--
ALTER TABLE `rewards`
  ADD PRIMARY KEY (`id`);

--
-- Indexes for table `sale`
--
ALTER TABLE `sale`
  ADD PRIMARY KEY (`sale_id`);

--
-- Indexes for table `sale_items`
--
ALTER TABLE `sale_items`
  ADD PRIMARY KEY (`sale_item_id`);

--
-- Indexes for table `settings`
--
ALTER TABLE `settings`
  ADD UNIQUE KEY `id` (`id`);

--
-- Indexes for table `shop_master`
--
ALTER TABLE `shop_master`
  ADD PRIMARY KEY (`shop_id`);

--
-- Indexes for table `signature`
--
ALTER TABLE `signature`
  ADD PRIMARY KEY (`id`);

--
-- Indexes for table `slider`
--
ALTER TABLE `slider`
  ADD PRIMARY KEY (`id`);

--
-- Indexes for table `socity`
--
ALTER TABLE `socity`
  ADD PRIMARY KEY (`socity_id`);

--
-- Indexes for table `store_login`
--
ALTER TABLE `store_login`
  ADD PRIMARY KEY (`user_id`),
  ADD UNIQUE KEY `user_email` (`user_email`);

--
-- Indexes for table `subscribe_plan`
--
ALTER TABLE `subscribe_plan`
  ADD PRIMARY KEY (`subscribe_id`);

--
-- Indexes for table `subscription_plan`
--
ALTER TABLE `subscription_plan`
  ADD PRIMARY KEY (`subscription_id`);

--
-- Indexes for table `temp_cart_sale`
--
ALTER TABLE `temp_cart_sale`
  ADD PRIMARY KEY (`temp_id`);

--
-- Indexes for table `time_slots`
--
ALTER TABLE `time_slots`
  ADD PRIMARY KEY (`time_id`);

--
-- Indexes for table `top_selling`
--
ALTER TABLE `top_selling`
  ADD PRIMARY KEY (`id`);

--
-- Indexes for table `users`
--
ALTER TABLE `users`
  ADD PRIMARY KEY (`user_id`),
  ADD UNIQUE KEY `user_email` (`user_email`);

--
-- Indexes for table `user_location`
--
ALTER TABLE `user_location`
  ADD PRIMARY KEY (`location_id`);

--
-- Indexes for table `user_types`
--
ALTER TABLE `user_types`
  ADD PRIMARY KEY (`user_type_id`);

--
-- Indexes for table `user_type_access`
--
ALTER TABLE `user_type_access`
  ADD UNIQUE KEY `user_type_id` (`user_type_id`,`class`,`method`);

--
-- Indexes for table `wallet_history`
--
ALTER TABLE `wallet_history`
  ADD PRIMARY KEY (`w_history_id`);

--
-- Indexes for table `wallet_limit`
--
ALTER TABLE `wallet_limit`
  ADD PRIMARY KEY (`wallet_id`);

--
-- Indexes for table `welcome_plan`
--
ALTER TABLE `welcome_plan`
  ADD PRIMARY KEY (`welcome_id`);

--
-- AUTO_INCREMENT for dumped tables
--

--
-- AUTO_INCREMENT for table `add_cart_list`
--
ALTER TABLE `add_cart_list`
  MODIFY `cart_id` int(11) NOT NULL AUTO_INCREMENT, AUTO_INCREMENT=399;

--
-- AUTO_INCREMENT for table `banner`
--
ALTER TABLE `banner`
  MODIFY `id` int(11) NOT NULL AUTO_INCREMENT, AUTO_INCREMENT=20;

--
-- AUTO_INCREMENT for table `categories`
--
ALTER TABLE `categories`
  MODIFY `id` int(11) NOT NULL AUTO_INCREMENT, AUTO_INCREMENT=197;

--
-- AUTO_INCREMENT for table `city`
--
ALTER TABLE `city`
  MODIFY `city_id` int(11) NOT NULL AUTO_INCREMENT, AUTO_INCREMENT=4;

--
-- AUTO_INCREMENT for table `closing_hours`
--
ALTER TABLE `closing_hours`
  MODIFY `id` int(11) NOT NULL AUTO_INCREMENT, AUTO_INCREMENT=27;

--
-- AUTO_INCREMENT for table `coupons`
--
ALTER TABLE `coupons`
  MODIFY `id` int(11) NOT NULL AUTO_INCREMENT, AUTO_INCREMENT=61;

--
-- AUTO_INCREMENT for table `deal_product`
--
ALTER TABLE `deal_product`
  MODIFY `id` int(11) NOT NULL AUTO_INCREMENT, AUTO_INCREMENT=15;

--
-- AUTO_INCREMENT for table `deelofday`
--
ALTER TABLE `deelofday`
  MODIFY `id` int(11) NOT NULL AUTO_INCREMENT, AUTO_INCREMENT=5;

--
-- AUTO_INCREMENT for table `delivery_boy`
--
ALTER TABLE `delivery_boy`
  MODIFY `id` int(11) NOT NULL AUTO_INCREMENT, AUTO_INCREMENT=10;

--
-- AUTO_INCREMENT for table `feature_slider`
--
ALTER TABLE `feature_slider`
  MODIFY `id` int(11) NOT NULL AUTO_INCREMENT, AUTO_INCREMENT=25;

--
-- AUTO_INCREMENT for table `global_setting`
--
ALTER TABLE `global_setting`
  MODIFY `globe_setting_id` int(11) NOT NULL AUTO_INCREMENT, AUTO_INCREMENT=32;

--
-- AUTO_INCREMENT for table `header_categories`
--
ALTER TABLE `header_categories`
  MODIFY `id` int(40) NOT NULL AUTO_INCREMENT, AUTO_INCREMENT=10005;

--
-- AUTO_INCREMENT for table `header_products`
--
ALTER TABLE `header_products`
  MODIFY `product_id` int(11) NOT NULL AUTO_INCREMENT, AUTO_INCREMENT=100006;

--
-- AUTO_INCREMENT for table `icons`
--
ALTER TABLE `icons`
  MODIFY `id` int(255) NOT NULL AUTO_INCREMENT, AUTO_INCREMENT=13;

--
-- AUTO_INCREMENT for table `pageapp`
--
ALTER TABLE `pageapp`
  MODIFY `id` int(11) NOT NULL AUTO_INCREMENT, AUTO_INCREMENT=7;

--
-- AUTO_INCREMENT for table `products`
--
ALTER TABLE `products`
  MODIFY `product_id` int(11) NOT NULL AUTO_INCREMENT, AUTO_INCREMENT=46;

--
-- AUTO_INCREMENT for table `purchase`
--
ALTER TABLE `purchase`
  MODIFY `purchase_id` int(11) NOT NULL AUTO_INCREMENT, AUTO_INCREMENT=25;

--
-- AUTO_INCREMENT for table `registers`
--
ALTER TABLE `registers`
  MODIFY `user_id` bigint(20) NOT NULL AUTO_INCREMENT, AUTO_INCREMENT=29;

--
-- AUTO_INCREMENT for table `rewards`
--
ALTER TABLE `rewards`
  MODIFY `id` int(200) NOT NULL AUTO_INCREMENT, AUTO_INCREMENT=2;

--
-- AUTO_INCREMENT for table `sale`
--
ALTER TABLE `sale`
  MODIFY `sale_id` int(11) NOT NULL AUTO_INCREMENT, AUTO_INCREMENT=109;

--
-- AUTO_INCREMENT for table `sale_items`
--
ALTER TABLE `sale_items`
  MODIFY `sale_item_id` int(11) NOT NULL AUTO_INCREMENT, AUTO_INCREMENT=181;

--
-- AUTO_INCREMENT for table `shop_master`
--
ALTER TABLE `shop_master`
  MODIFY `shop_id` int(11) NOT NULL AUTO_INCREMENT, AUTO_INCREMENT=18;

--
-- AUTO_INCREMENT for table `signature`
--
ALTER TABLE `signature`
  MODIFY `id` int(20) NOT NULL AUTO_INCREMENT, AUTO_INCREMENT=33;

--
-- AUTO_INCREMENT for table `slider`
--
ALTER TABLE `slider`
  MODIFY `id` int(11) NOT NULL AUTO_INCREMENT, AUTO_INCREMENT=27;

--
-- AUTO_INCREMENT for table `socity`
--
ALTER TABLE `socity`
  MODIFY `socity_id` int(11) NOT NULL AUTO_INCREMENT, AUTO_INCREMENT=971;

--
-- AUTO_INCREMENT for table `store_login`
--
ALTER TABLE `store_login`
  MODIFY `user_id` int(11) NOT NULL AUTO_INCREMENT, AUTO_INCREMENT=55;

--
-- AUTO_INCREMENT for table `subscribe_plan`
--
ALTER TABLE `subscribe_plan`
  MODIFY `subscribe_id` int(11) NOT NULL AUTO_INCREMENT, AUTO_INCREMENT=34;

--
-- AUTO_INCREMENT for table `subscription_plan`
--
ALTER TABLE `subscription_plan`
  MODIFY `subscription_id` int(11) NOT NULL AUTO_INCREMENT, AUTO_INCREMENT=45;

--
-- AUTO_INCREMENT for table `temp_cart_sale`
--
ALTER TABLE `temp_cart_sale`
  MODIFY `temp_id` int(11) NOT NULL AUTO_INCREMENT, AUTO_INCREMENT=2703;

--
-- AUTO_INCREMENT for table `time_slots`
--
ALTER TABLE `time_slots`
  MODIFY `time_id` int(11) NOT NULL AUTO_INCREMENT, AUTO_INCREMENT=3;

--
-- AUTO_INCREMENT for table `top_selling`
--
ALTER TABLE `top_selling`
  MODIFY `id` int(255) NOT NULL AUTO_INCREMENT, AUTO_INCREMENT=5;

--
-- AUTO_INCREMENT for table `users`
--
ALTER TABLE `users`
  MODIFY `user_id` int(11) NOT NULL AUTO_INCREMENT, AUTO_INCREMENT=17;

--
-- AUTO_INCREMENT for table `user_location`
--
ALTER TABLE `user_location`
  MODIFY `location_id` int(11) NOT NULL AUTO_INCREMENT, AUTO_INCREMENT=176;

--
-- AUTO_INCREMENT for table `user_types`
--
ALTER TABLE `user_types`
  MODIFY `user_type_id` int(11) NOT NULL AUTO_INCREMENT, AUTO_INCREMENT=2;

--
-- AUTO_INCREMENT for table `wallet_history`
--
ALTER TABLE `wallet_history`
  MODIFY `w_history_id` int(11) NOT NULL AUTO_INCREMENT, AUTO_INCREMENT=144;

--
-- AUTO_INCREMENT for table `wallet_limit`
--
ALTER TABLE `wallet_limit`
  MODIFY `wallet_id` int(11) NOT NULL AUTO_INCREMENT, AUTO_INCREMENT=2;

--
-- AUTO_INCREMENT for table `welcome_plan`
--
ALTER TABLE `welcome_plan`
  MODIFY `welcome_id` int(11) NOT NULL AUTO_INCREMENT, AUTO_INCREMENT=2;
COMMIT;

/*!40101 SET CHARACTER_SET_CLIENT=@OLD_CHARACTER_SET_CLIENT */;
/*!40101 SET CHARACTER_SET_RESULTS=@OLD_CHARACTER_SET_RESULTS */;
/*!40101 SET COLLATION_CONNECTION=@OLD_COLLATION_CONNECTION */;
